source_image,reason
brick_014,no brick label
brick_020,no brick label
brick_042,no brick label
exposed_concrete_000,no labels left
exposed_concrete_014,no exposed_concrete label
exposed_concrete_030,no exposed_concrete label
exposed_concrete_040,no exposed_concrete label
painted_render_008,no painted_render label
painted_render_010,no painted_render label
painted_render_017,no painted_render label
painted_render_018,no painted_render label
painted_render_023,no painted_render label
painted_render_024,no painted_render label
painted_render_026,no painted_render label
painted_render_027,no painted_render label
painted_render_028,no painted_render label
painted_render_030,no painted_render label
painted_render_034,no painted_render label
painted_render_036,no painted_render label
painted_render_042,no painted_render label
painted_render_045,no painted_render label
stone_cladding_002,no stone_cladding label
stone_cladding_010,no stone_cladding label
stone_cladding_013,no stone_cladding label
