split,label_file,removed_class,kept_class
train,brick_015_jpg.rf.05eafc9a5ef68ab1ec003c5d67a9abbf,painted_render,brick
train,brick_015_jpg.rf.438cf9a565a42366502f672951167d8c,painted_render,brick
train,cladding_panel_022_jpg.rf.d00ffa3440cfad55297a74d6ada383ad,glass,cladding_panel
train,exposed_concrete_027_jpg.rf.06ddaad3255ed4241a7ec092d8255aa7,painted_render,exposed_concrete
train,exposed_concrete_027_jpg.rf.cefafbf2f6bed86d10d9a98cb0180298,painted_render,exposed_concrete
train,glass_019_jpg.rf.23c49da13a704217a1ab2e0098dca453,painted_render,glass
train,glass_019_jpg.rf.80a645b30f44f0834b6d8a9d5640b13c,painted_render,glass
train,glass_027_jpg.rf.1405d174aab62a25d1e20dc1b0ccc89a,painted_render,glass
train,glass_045_jpg.rf.6102b72d22b2661d4c02aa97276147fc,painted_render,glass
train,glass_045_jpg.rf.ec103bfdf074e443e6775d878704f635,painted_render,glass
train,stone_cladding_019_jpg.rf.03a001d10d518dd16b8fcc629dd38a8e,brick,stone_cladding
train,stone_cladding_019_jpg.rf.03a001d10d518dd16b8fcc629dd38a8e,brick,stone_cladding
train,stone_cladding_023_jpg.rf.77599c5109cb9640cc23c8323a56328b,brick,stone_cladding
train,stone_cladding_024_jpg.rf.0e762e34ab067a661750ef3e931ec541,brick,stone_cladding
train,stone_cladding_024_jpg.rf.4b44b7d5fa96d1e018d7965b90306a80,brick,stone_cladding
train,stone_cladding_030_jpg.rf.0970ff3c41e968bc2c732bf4b375deac,painted_render,stone_cladding
train,stone_cladding_030_jpg.rf.461efb88323c062e73f873637f8da8d4,painted_render,stone_cladding
valid,brick_016_jpg.rf.e73c502083d7bdd9a9fc6b664bd70791,cladding_panel,stone_cladding
valid,exposed_concrete_023_jpg.rf.c0727ea41832ee2aacce69cce1e81515,cladding_panel,exposed_concrete
test,brick_036_jpg.rf.3bd6763c12691b495eac88179d2f7bf9,painted_render,brick
test,exposed_concrete_011_jpg.rf.66244c00fd239c3d8cb73df71caf6e23,painted_render,exposed_concrete
