image,class_folder,in_v1.0,in_v1.1,license,author,source_page
brick_000,brick,yes,yes,CC BY-SA 4.0,Radomianin,"https://commons.wikimedia.org/wiki/File:Common_hop_on_former_factory_wall,_Ursus_(Warsaw),_2024-07-20.jpg"
brick_001,brick,yes,yes,CC BY-SA 4.0,Rawen Abbassi,https://commons.wikimedia.org/wiki/File:Ouled_El_Hadef_Brick_facade.jpg
brick_004,brick,yes,yes,CC BY 4.0,Fons Heijnsbroek,"https://commons.wikimedia.org/wiki/File:View_over_the_water_of_the_old_canal_Oudezijds_Achterburgwal_in_Amsterdam_downtown._At_the_left_the_brick_building_wall_of_a_former_inn,_called_Vredenburg._Free_photo_by_Fons_Heijnsbroek,_April_2022.tif"
brick_005,brick,yes,yes,CC BY-SA 3.0,Fons Heijnsbroek,"https://commons.wikimedia.org/wiki/File:A_close-up_of_flowering_flora_and_creepers_on_the_brick_wall_of_the_former_warehouse;_Amsterdam,_2013.jpg"
brick_006,brick,yes,yes,CC BY-SA 2.0,Eric Kilby,https://commons.wikimedia.org/wiki/File:Scarred_Brick_Facade.jpg
brick_007,brick,yes,yes,CC0,Fons Heijnsbroek,"https://commons.wikimedia.org/wiki/File:Walking_woman_passes_the_entrance_and_facade_of_the_former_brick_building_named_Scheepvaarthuis,_since_c._2010_the_location_of_Hotel_Ammrath;_free_photo_Amsterdam_architecture_by_Fons_Heijnsbroek,_2020.tif"
brick_008,brick,yes,yes,CC0,Fons Heijnsbroek,"https://commons.wikimedia.org/wiki/File:Biking_woman_in_front_of_the_red_brick_facade_of_the_city_theatre_building_at_the_square_Leidseplein;_free_photo_Amsterdam_by_Fons_Heijnsbroek,_Summer_2022.tif"
brick_009,brick,yes,yes,CC0,"Fons Heijnsbroek from Amsterdam, Netherlands","https://commons.wikimedia.org/wiki/File:Sunlight_and_shadows_of_a_tiny_tree_in_Fall_on_a_brick_wall_of_Entrepotdok-buildings,_Amsterdam_city,_along_the_canal_Entrepotdok;_on_the_border_of_the_old_city_center_of_Amsterdam;_urban_photography,_Fons_Heijnsbroek_2013_(11132531654).jpg"
brick_010,brick,yes,yes,CC BY-SA 2.0,Tim Evanson,https://commons.wikimedia.org/wiki/File:Brick-lined_alley_and_back_facade_-_Mueller_Electric_Company_Building.jpg
brick_011,brick,yes,yes,CC BY-SA 3.0,WSTPolls,https://commons.wikimedia.org/wiki/File:HK_Western_District_Community_Centre_Third_Street_n_Western_Street_Brick_building_Sunday.JPG
brick_012,brick,yes,yes,Public domain,unknown,"https://commons.wikimedia.org/wiki/File:DETAIL,_BRICK_ORNAMENTATION,_WEST_WALL,_SOUTHWEST_CORNER_-_Indianapolis_News_Mechanical_Building,_30_West_Court_Street,_Indianapolis,_Marion_County,_IN_HABS_IND,49-IND,36-4.tif"
brick_013,brick,yes,yes,CC BY-SA 4.0,Neoclassicism Enthusiast,"https://commons.wikimedia.org/wiki/File:Bricks_on_the_facade_of_an_apartment_building_at_the_intersection_of_Bulevardul_Dacia_and_Strada_Icoanei,_Bucharest,_Romania.jpg"
brick_014,brick,yes,"no (removed, see results/data_cleaning/removed_images.csv)",CC BY-SA 4.0,Basotxerri,https://commons.wikimedia.org/wiki/File:Bilbao_-_Edificio_Bami_-_ETB_01.jpg
brick_015,brick,yes,yes,CC0,Wilfredor,"https://commons.wikimedia.org/wiki/File:Brick_facade_with_slit_windows,_Quebec_City.jpg"
brick_016,brick,yes,yes,CC BY-SA 4.0,Dmitry Ivanov.,"https://commons.wikimedia.org/wiki/File:Lopatina_House,_fragment_of_facade,_tile_panel_1.jpg"
brick_017,brick,yes,yes,CC BY-SA 4.0,Dmitry Ivanov.,"https://commons.wikimedia.org/wiki/File:Lopatina_House,_fragment_of_facade,_tile_panel_2.jpg"
brick_018,brick,yes,yes,CC BY-SA 3.0,Globetrotter19,"https://commons.wikimedia.org/wiki/File:Reformed_Elementary_School,_glass_brick_decorated_facade,_2019_Veresegyh%C3%A1z.jpg"
brick_019,brick,yes,yes,Public domain,"Related names:

Gilbert, Cass; Patterson, H M; Owsley, William; Kees, Frederick; Heinze, F Augustus; Link and Haire; Shanley, George H; George Steele Company; Wah Chong Tai Company; Butte Water Company; Montana Independent Telephone Company; Bertoglio Storage and Appliance Company; Butte Floral Company; Jacobs, Henry; Amalgamated Copper Mining Company; Hirbour, Emanuel; Anaconda Copper Mining Company; Hawley, Monica E, transmitter; Lowe, Jet, photographer; Hill, Isabel, historian","https://commons.wikimedia.org/wiki/File:Butte_Fire_Hall_(17-19_West_Quartz,_ca_1900)_is_a_two_story_brick_bearing_wall_structure;_the_photograph_shows_the_north_facade._The_south_facade_has_a_partial_cast-iron_HAER_MONT,47-BUT,1-65.tif"
brick_020,brick,yes,"no (removed, see results/data_cleaning/removed_images.csv)",CC BY-SA 3.0,Markus3 (Marc ROUSSEL),https://commons.wikimedia.org/wiki/File:Montdidier_Caisse_d%27Epargne_(fa%C3%A7ade_Nord)_1.jpg
brick_021,brick,yes,yes,CC BY-SA 4.0,Friedrich Haag,https://commons.wikimedia.org/wiki/File:Mauerziegel_001_2020_01_21.jpg
brick_022,brick,yes,yes,CC BY-SA 4.0,Andre Carrotflower,"https://commons.wikimedia.org/wiki/File:Wall_Street,_Stockade_Historic_District,_Kingston,_New_York_-_20200907_-_02_(Winne_and_Winchell_Building).jpg"
brick_024,brick,yes,yes,Public domain,unknown,"https://commons.wikimedia.org/wiki/File:OBLIQUE_PERSPECTIVE_OF_EASTERN_FACADE_OF_UNITY_PLANT_SHOWING_LANDSCAPING_AND_HILL._NOTE_THE_CORBELED_BRICK_SUPPORT_FOR_THE_FIRE_WALL_BETWEEN_SECTIONS_OF_THE_MILL._-_Unity_HAER_GA,143-LAGR,40-3.tif"
brick_025,brick,yes,yes,Public domain,unknown,"https://commons.wikimedia.org/wiki/File:OVERALL_VIEW_OF_THE_SOUTHEAST_FACADE._THE_BRICK_MASONRY_WALLS_ARE_LAID_IN_COMMON_BOND_WITH_A_BRICK_DETAIL_SURROUNDING_THE_FLAT_ARCHED_WOODEN_DOORS._THE_SYMMETRICAL_PLACEMENT_HABS_CAL,38-SANFRA,175-4.tif"
brick_027,brick,yes,yes,CC0,Fons Heijnsbroek,"https://commons.wikimedia.org/wiki/File:Old_brick_entrance_gate_of_the_historical_Botanical_garden_of_Amsterdam;_free_photo_Amsterdam,_Fons_Heijnsbroek_October_2008.jpg"
brick_028,brick,yes,yes,CC BY 3.0,Dwight Burdette,https://commons.wikimedia.org/wiki/File:Daisy_BB_gun_factory_wall_Plymouth_Michigan.JPG
brick_029,brick,yes,yes,CC0,Fons Heijnsbroek,"https://commons.wikimedia.org/wiki/File:A_photo_of_former_diamond_polishing_factory-buildings_on_the_campus_Roeterseiland,_Amsterdam;_high_resolution_image_by_FotoDutch_in_June_2013.jpg"
brick_030,brick,yes,yes,CC BY-SA 4.0,A.-K. D.,https://commons.wikimedia.org/wiki/File:English_bond_in_the_wall_outside_the_Garda%C3%AD_station_in_Kilkenny.jpg
brick_032,brick,yes,yes,CC BY-SA 3.0,Coyau,"https://commons.wikimedia.org/wiki/File:Chartres,_th%C3%A9%C3%A2tre_municipal_05.jpg"
brick_033,brick,yes,yes,CC0,Fons Heijnsbroek,"https://commons.wikimedia.org/wiki/File:Close_up_of_the_outdoor_clock_and_brick_wall_of_the_tour_company_which_indicates_the_start_time_of_the_next_canal_cruise;_free_photo_Amsterdam_city_by_Fons_Heijnsbroek,_2007.tif"
brick_034,brick,yes,yes,CC BY-SA 3.0,Ian Poellet (User:Werewombat),https://commons.wikimedia.org/wiki/File:Irvington_Bowman_Apartments_facade_detail_-_Portland_Oregon.jpg
brick_036,brick,yes,yes,CC BY-SA 4.0,Dietmar Rabich,"https://commons.wikimedia.org/wiki/File:M%C3%BCnster,_Roggenmarkt_5_--_2022_--_4245.jpg"
brick_037,brick,yes,yes,Public domain,Photograph:  Radomianin,"https://commons.wikimedia.org/wiki/File:House_of_the_Blackheads_gable,_sculptures,_Riga,_2024-07-16.jpg"
brick_038,brick,yes,yes,CC BY 4.0,Publichall,"https://commons.wikimedia.org/wiki/File:Cashmere_Cafe_Building,_Cashmere,_WA.jpg"
brick_039,brick,yes,yes,CC BY-SA 4.0,LBM1948,https://commons.wikimedia.org/wiki/File:Rada%27a_1987_06.jpg
brick_040,brick,yes,yes,CC BY-SA 2.0,Tim Evanson,https://commons.wikimedia.org/wiki/File:South_facade_-_Mueller_Electric_Company_Building.jpg
brick_041,brick,yes,yes,CC BY-SA 2.0,Tim Evanson,https://commons.wikimedia.org/wiki/File:North_facade_-_Mueller_Electric_Company_Building.jpg
brick_042,brick,yes,"no (removed, see results/data_cleaning/removed_images.csv)",CC BY-SA 2.0,"Warren LeMay from Covington, KY, United States","https://commons.wikimedia.org/wiki/File:Wall_Sconce,_State_Office_Building,_Wilson_Street,_Madison,_WI_(52745470565).jpg"
brick_043,brick,yes,yes,CC0,Fons Heijnsbroek,"https://commons.wikimedia.org/wiki/File:Residential_building_with_wall_ornament_and_Chinese_restaurant_downstairs_at_the_street_corner_in_the_Plantage_district,_Amsterdam;_free_photo_by_Fons_Heijnsbroek,_2008of.tif"
brick_044,brick,yes,yes,CC0,Charlotte Baglioni,https://commons.wikimedia.org/wiki/File:Square_tiled_wall_-_square_tiled_wall_rough_8k_(Charlotte_Baglioni_via_Poly_Haven).png
brick_045,brick,yes,yes,Public domain,"Abner, Ed

Schulze, Paul","https://commons.wikimedia.org/wiki/File:PRIMARY_FACADE_-_432_Seventh_Street,_Northwest_(Commercial_Building),_Washington,_District_of_Columbia,_DC_HABS_DC,WASH,295-1.tif"
brick_046,brick,yes,yes,CC BY-SA 2.0,Tim Evanson,https://commons.wikimedia.org/wiki/File:South_and_back_facade_-_Mueller_Electric_Company_Building.jpg
brick_047,brick,yes,yes,CC BY-SA 2.0,Tim Evanson,https://commons.wikimedia.org/wiki/File:North_end_of_main_facade_-_Mueller_Electric_Company_Building.jpg
brick_048,brick,yes,yes,CC BY-SA 2.0,Tim Evanson,https://commons.wikimedia.org/wiki/File:South_side_of_main_facade_-_Mueller_Electric_Company_Building.jpg
brick_049,brick,yes,yes,CC BY-SA 4.0,LBM1948,https://commons.wikimedia.org/wiki/File:Sana%27a_1987_51.jpg
cladding_panel_000,cladding_panel,yes,yes,CC BY-SA 4.0,Wagner Cxxx,https://commons.wikimedia.org/wiki/File:Fahrradstaender_vor_Metallfassade.jpg
cladding_panel_001,cladding_panel,yes,yes,CC BY-SA 4.0,JoachimKohler-HB,https://commons.wikimedia.org/wiki/File:Kesselhaus_in_Radolfzell_-_hinterl%C3%BCftete_Aluwelle_(2020).jpg
cladding_panel_002,cladding_panel,yes,yes,CC BY-SA 4.0,JoachimKohler-HB,https://commons.wikimedia.org/wiki/File:Kesselhaus_in_Radolfzell_und_Fussg%C3%A4ngerbr%C3%BCcke_(2020).jpg
cladding_panel_003,cladding_panel,yes,yes,CC BY-SA 4.0,JiriMatejicek,https://commons.wikimedia.org/wiki/File:Praha_Stare_Mesto_U_milosrdnych_Obecni_dvur_A.jpg
cladding_panel_004,cladding_panel,yes,yes,CC BY-SA 4.0,RhinoMind,https://commons.wikimedia.org/wiki/File:Torvehuset_(vest_01).jpg
cladding_panel_005,cladding_panel,yes,yes,CC BY-SA 4.0,RhinoMind,https://commons.wikimedia.org/wiki/File:Torvehuset_(vestfacade).jpg
cladding_panel_006,cladding_panel,yes,yes,CC BY-SA 4.0,Sheburena,https://commons.wikimedia.org/wiki/File:%D0%91%D1%96%D0%BE%D0%A2%D0%95%D0%A1_%D1%83_%D0%BC%D1%96%D1%81%D1%82%D1%96_%D0%9A%D0%B0%D0%BC%E2%80%99%D1%8F%D0%BD%D0%B5%D1%86%D1%8C-%D0%9F%D0%BE%D0%B4%D1%96%D0%BB%D1%8C%D1%81%D1%8C%D0%BA%D0%B8%D0%B9.jpg
cladding_panel_007,cladding_panel,yes,yes,CC BY 4.0,Aciarium,"https://commons.wikimedia.org/wiki/File:DSC03968_Gasometer_f%C3%BCr_Gicht-_und_Tiegelgas_bei_Nacht,_voestalpine_Linz,_2026.jpg"
cladding_panel_010,cladding_panel,yes,yes,CC BY-SA 4.0,Jules Verne Times Two,"https://commons.wikimedia.org/wiki/File:Fa%C3%A7ade_detail_of_the_Land_Rover_Segeltorp_dealership,_Stockholm,_Sweden_julesvernex2-2.jpg"
cladding_panel_011,cladding_panel,yes,yes,CC BY-SA 4.0,Jules Verne Times Two,"https://commons.wikimedia.org/wiki/File:Fa%C3%A7ade_detail_of_the_Land_Rover_Segeltorp_dealership,_Stockholm,_Sweden_julesvernex2-3.jpg"
cladding_panel_012,cladding_panel,yes,yes,CC BY-SA 4.0,Jules Verne Times Two,"https://commons.wikimedia.org/wiki/File:Fa%C3%A7ade_detail_of_the_Land_Rover_Segeltorp_dealership,_Stockholm,_Sweden_julesvernex2-4.jpg"
cladding_panel_013,cladding_panel,yes,yes,CC BY-SA 4.0,Jules Verne Times Two,"https://commons.wikimedia.org/wiki/File:Fa%C3%A7ade_detail_of_the_Land_Rover_Segeltorp_dealership,_Stockholm,_Sweden_julesvernex2.jpg"
cladding_panel_014,cladding_panel,yes,yes,CC BY-SA 4.0,RG72,"https://commons.wikimedia.org/wiki/File:Lavado_de_fasado_de_la_konstrua%C4%B5o_en_strato_Vorovskij_2,_Tjumeno.jpg"
cladding_panel_016,cladding_panel,yes,yes,CC0,Retired electrician,"https://commons.wikimedia.org/wiki/File:Moscow,_Foriver_buildings,_wide_(May_2025)_03.jpg"
cladding_panel_017,cladding_panel,yes,yes,CC0,Retired electrician,"https://commons.wikimedia.org/wiki/File:Moscow,_Foriver_buildings_(May_2025)_shining_03.jpg"
cladding_panel_018,cladding_panel,yes,yes,CC0,Retired electrician,"https://commons.wikimedia.org/wiki/File:Moscow,_Foriver_buildings_(May_2025)_shining_04.jpg"
cladding_panel_020,cladding_panel,yes,yes,CC0,Retired electrician,"https://commons.wikimedia.org/wiki/File:Moscow,_Foriver_buildings_block_1_(May_2025)_01.jpg"
cladding_panel_021,cladding_panel,yes,yes,CC0,Retired electrician,"https://commons.wikimedia.org/wiki/File:Moscow,_Foriver_buildings_block_1_(May_2025)_10.jpg"
cladding_panel_022,cladding_panel,yes,yes,CC0,Retired electrician,"https://commons.wikimedia.org/wiki/File:Moscow,_Foriver_buildings_block_1_(May_2025)_12.jpg"
cladding_panel_023,cladding_panel,yes,yes,CC0,Retired electrician,"https://commons.wikimedia.org/wiki/File:Moscow,_Foriver_buildings_block_1_(May_2025)_14.jpg"
cladding_panel_024,cladding_panel,yes,yes,CC0,Retired electrician,"https://commons.wikimedia.org/wiki/File:Moscow,_Foriver_buildings_block_1_(May_2025)_17.jpg"
cladding_panel_025,cladding_panel,yes,yes,CC0,Retired electrician,"https://commons.wikimedia.org/wiki/File:Moscow,_Foriver_buildings_embankment_works_(May_2025)_05.jpg"
cladding_panel_028,cladding_panel,yes,yes,CC BY-SA 4.0,Matej Grochal,https://commons.wikimedia.org/wiki/File:Vozovna_Pis%C3%A1rky_Listopad_2019g.jpg
cladding_panel_029,cladding_panel,yes,yes,CC BY-SA 4.0,August Geyler,https://commons.wikimedia.org/wiki/File:Blockheizkraftwerk_Leipzig_M%C3%B6ckern_%E2%80%93_Nordfassade.jpg
cladding_panel_030,cladding_panel,yes,yes,CC BY-SA 4.0,August Geyler,https://commons.wikimedia.org/wiki/File:Blockheizkraftwerk_Leipzig_M%C3%B6ckern_%E2%80%93_Nordfassade_mit_Detail.jpg
cladding_panel_031,cladding_panel,yes,yes,CC BY-SA 4.0,August Geyler,https://commons.wikimedia.org/wiki/File:Blockheizkraftwerk_Leipzig_M%C3%B6ckern_%E2%80%93_Nordfassade_mit_Esse.jpg
cladding_panel_032,cladding_panel,yes,yes,CC0,Wolf1949H,https://commons.wikimedia.org/wiki/File:Ehemalige_Hauptverwaltung_der_Hamburg-M%C3%BCnchener_mit_neuer_Fassadenverkleidung..jpg
cladding_panel_035,cladding_panel,yes,yes,Public domain,Frankpulido,https://commons.wikimedia.org/wiki/File:Fachada_ventilada_parque_de_bomberos_de_tortosa_(espa%C3%B1a).jpg
cladding_panel_037,cladding_panel,yes,yes,Public domain,Frankpulido,https://commons.wikimedia.org/wiki/File:Fachada_ventilada_sts_reus-_euronit_natura_-_constecnia_-_isolana_montajes.jpg
cladding_panel_038,cladding_panel,yes,yes,CC BY-SA 4.0,August Geyler,https://commons.wikimedia.org/wiki/File:Fassadenverkleidung_einer_Turnhalle.jpg
cladding_panel_039,cladding_panel,yes,yes,CC BY-SA 4.0,Kjerish,https://commons.wikimedia.org/wiki/File:Independent_College_Dublin.jpg
cladding_panel_040,cladding_panel,yes,yes,CC BY-SA 2.0,Woolie Monster,https://commons.wikimedia.org/wiki/File:JLG_Lift.jpg
cladding_panel_045,cladding_panel,yes,yes,CC BY 4.0,Myotus,"https://commons.wikimedia.org/wiki/File:162_College_Ave_W_Saint_Paul,_Minnesota_(view_from_Kellogg_Blvd).jpg"
cladding_panel_047,cladding_panel,yes,yes,CC BY 4.0,"Dale Cruse - 10M views from San Francisco, CA, USA",https://commons.wikimedia.org/wiki/File:Red_Corner_Building_in_Porto%E2%80%99s_Historic_Center_(54801170579).jpg
exposed_concrete_000,exposed_concrete,yes,"no (removed, see results/data_cleaning/removed_images.csv)",CC BY-SA 4.0,August Geyler,https://commons.wikimedia.org/wiki/File:FOT9558_Haltepunkt_Leipzig_Anger-Crottendorf_2024_%E2%80%93_Sichtbeton_im_Treppenaufgang_S%C3%BCd.jpg
exposed_concrete_001,exposed_concrete,yes,yes,CC BY-SA 4.0,August Geyler,https://commons.wikimedia.org/wiki/File:FOT9514_Haltepunkt_Leipzig_Anger-Crottendorf_2024_%E2%80%93_Treppenaufgang_S%C3%BCd.jpg
exposed_concrete_002,exposed_concrete,yes,yes,CC BY-SA 4.0,August Geyler,https://commons.wikimedia.org/wiki/File:FOT9562_Haltepunkt_Leipzig_Anger-Crottendorf_2024_%E2%80%93_Personentunnel_zum_Treppenaufgang_S%C3%BCd.jpg
exposed_concrete_003,exposed_concrete,yes,yes,CC BY 4.0,EmDee,https://commons.wikimedia.org/wiki/File:Belgique_-_Louvain-la-Neuve_-_Place_des_Sciences_-_29.jpg
exposed_concrete_004,exposed_concrete,yes,yes,CC BY-SA 4.0,August Geyler,https://commons.wikimedia.org/wiki/File:FOT9561_Haltepunkt_Leipzig_Anger-Crottendorf_2024_%E2%80%93_Personentunnel_zum_Treppenaufgang_S%C3%BCd.jpg
exposed_concrete_005,exposed_concrete,yes,yes,CC BY-SA 4.0,August Geyler,https://commons.wikimedia.org/wiki/File:FOT9519_Haltepunkt_Leipzig_Anger-Crottendorf_2024_%E2%80%93_Treppenaufgang_S%C3%BCd.jpg
exposed_concrete_006,exposed_concrete,yes,yes,CC BY-SA 4.0,Piotr Szotkowski,https://commons.wikimedia.org/wiki/File:B%C3%A9ton_Brut.jpg
exposed_concrete_007,exposed_concrete,yes,yes,CC BY-SA 4.0,Zwantzig,https://commons.wikimedia.org/wiki/File:EL082_Elgg_MaxVogt_20240504_190045.jpg
exposed_concrete_008,exposed_concrete,yes,yes,CC BY-SA 4.0,PtrQs,https://commons.wikimedia.org/wiki/File:20110923_Romo_0260_Sol_Sort_DSCN2889_PtrQs.jpg
exposed_concrete_009,exposed_concrete,yes,yes,CC BY-SA 4.0,Junyu-K,"https://commons.wikimedia.org/wiki/File:202601_Naluwan_Cultural_Village_,_Hsinchu_City_02.jpg"
exposed_concrete_010,exposed_concrete,yes,yes,CC BY-SA 4.0,Zwantzig,https://commons.wikimedia.org/wiki/File:Hahn_Detail_20250706_171023.jpg
exposed_concrete_011,exposed_concrete,yes,yes,CC BY-SA 4.0,Zwantzig,https://commons.wikimedia.org/wiki/File:Hahn_Detail_20250706_170621.jpg
exposed_concrete_012,exposed_concrete,yes,yes,CC BY-SA 4.0,Zwantzig,https://commons.wikimedia.org/wiki/File:Hahn_Detail_20250706_170628.jpg
exposed_concrete_013,exposed_concrete,yes,yes,CC BY-SA 4.0,Roman Eisele,https://commons.wikimedia.org/wiki/File:Ludwigsburg_-_O%C3%9Fweil_-_Ostfriedhof_-_Aussegnungshalle_-_Verbindungsmauer_-_Mittelteil_mit_Efeuranken_(RQCE2392).jpg
exposed_concrete_014,exposed_concrete,yes,"no (removed, see results/data_cleaning/removed_images.csv)",CC BY-SA 4.0,Roman Eisele,https://commons.wikimedia.org/wiki/File:Ludwigsburg_-_O%C3%9Fweil_-_Ostfriedhof_-_Aussegnungshalle_-_Verbindungsmauer_-_Betonrelief_(RQCE2377).jpg
exposed_concrete_015,exposed_concrete,yes,yes,CC BY-SA 4.0,Hirho,https://commons.wikimedia.org/wiki/File:MGH_Kon-ya-machi_Daimy%C5%8D_Bldg_the_b%C3%A9ton_brut_Daimy%C5%8D_1-ch%C5%8Dme_Ch%C5%AB%C5%8D-ku_Fukuoka_20250619.jpg
exposed_concrete_016,exposed_concrete,yes,yes,CC BY-SA 4.0,Roman Eisele,https://commons.wikimedia.org/wiki/File:Ludwigsburg_-_O%C3%9Fweil_-_Ostfriedhof_-_Aussegnungshalle_-_Verbindungsmauer_-_Betonrelief_(RQCE2374).jpg
exposed_concrete_017,exposed_concrete,yes,yes,CC BY-SA 4.0,Junyu-K,"https://commons.wikimedia.org/wiki/File:202601_Naluwan_Cultural_Village_,_Hsinchu_City_03.jpg"
exposed_concrete_018,exposed_concrete,yes,yes,CC BY-SA 4.0,Zwantzig,https://commons.wikimedia.org/wiki/File:Hahn_Detail_20250706_170513.jpg
exposed_concrete_019,exposed_concrete,yes,yes,CC BY-SA 4.0,Junyu-K,"https://commons.wikimedia.org/wiki/File:202601_Naluwan_Cultural_Village_,_Hsinchu_City_01.jpg"
exposed_concrete_021,exposed_concrete,yes,yes,CC BY-SA 4.0,Roman Eisele,https://commons.wikimedia.org/wiki/File:Ludwigsburg_-_O%C3%9Fweil_-_Ostfriedhof_-_Aussegnungshalle_-_Verbindungsmauer_-_Wellenstruktur_und_Kiesel_(RQCE2382-B).jpg
exposed_concrete_022,exposed_concrete,yes,yes,CC BY-SA 4.0,Roman Eisele,https://commons.wikimedia.org/wiki/File:Ludwigsburg_-_O%C3%9Fweil_-_Ostfriedhof_-_Aussegnungshalle_-_Verbindungsmauer_-_Wellenstruktur_und_Kiesel_(RQCE2382-C).jpg
exposed_concrete_023,exposed_concrete,yes,yes,CC BY-SA 4.0,Hirho,https://commons.wikimedia.org/wiki/File:MGH_Kon-ya-machi_Daimy%C5%8D_Bldg_the_b%C3%A9ton_brut_Daimy%C5%8D_1-ch%C5%8Dme_Ch%C5%AB%C5%8D-ku_Fukuoka_20250619_163442.jpg
exposed_concrete_024,exposed_concrete,yes,yes,CC BY-SA 4.0,Zwantzig,https://commons.wikimedia.org/wiki/File:Hahn_Detail_20250706_170642.jpg
exposed_concrete_026,exposed_concrete,yes,yes,CC BY-SA 4.0,PtrQs,https://commons.wikimedia.org/wiki/File:20110927_Romo_%C3%9F260_Sol_Sort_DSCN3096_DSCN3097_PtrQs.jpg
exposed_concrete_027,exposed_concrete,yes,yes,CC BY-SA 4.0,Zwantzig,https://commons.wikimedia.org/wiki/File:Hahn_Detail_20250706_171107.jpg
exposed_concrete_028,exposed_concrete,yes,yes,CC BY-SA 3.0,NotFromUtrecht,https://commons.wikimedia.org/wiki/File:Charles_Wilson_Building_b%C3%A9ton_brut.jpg
exposed_concrete_029,exposed_concrete,yes,yes,CC BY-SA 4.0,Carl Ha,"https://commons.wikimedia.org/wiki/File:Bremerhaven,_B%C3%BCrgermeister-Smidt-Stra%C3%9Fe,_C%26A,_Detail.jpg"
exposed_concrete_030,exposed_concrete,yes,"no (removed, see results/data_cleaning/removed_images.csv)",CC BY-SA 4.0,"ООО ТД ""Век""",https://commons.wikimedia.org/wiki/File:Panoramic_VEK_Elevator_in_Beton_Brut_Hotel_(Anapa).jpg
exposed_concrete_033,exposed_concrete,yes,yes,CC BY-SA 4.0,Dr Dobeaucoup,https://commons.wikimedia.org/wiki/File:%C3%89glise_du_Saint_Esprit_Paris_int%C3%A9rieur_avec_b%C3%A9ton_brut.jpg
exposed_concrete_035,exposed_concrete,yes,yes,CC BY-SA 4.0,Bs0u10e01,https://commons.wikimedia.org/wiki/File:Paradise_Place_Raw_Concrete.jpg
exposed_concrete_036,exposed_concrete,yes,yes,CC BY-SA 4.0,Matti Blume,"https://commons.wikimedia.org/wiki/File:Museum,_St._Gallen_(1Y7A2318).jpg"
exposed_concrete_037,exposed_concrete,yes,yes,CC BY-SA 4.0,Johann Jaritz,https://commons.wikimedia.org/wiki/File:P%C3%B6rtschach_10.-Oktober-Stra%C3%9Fe_27_Telekommunikationsgeb%C3%A4ude_Sichtbeton_30012022_2068.jpg
exposed_concrete_038,exposed_concrete,yes,yes,CC BY-SA 4.0,Basotxerri,https://commons.wikimedia.org/wiki/File:Vitoria_-_Adurza_-_Iturritxu_-BT-_03.jpg
exposed_concrete_039,exposed_concrete,yes,yes,CC BY-SA 3.0,kallerna,https://commons.wikimedia.org/wiki/File:Rauman_vesitorni_4.jpg
exposed_concrete_040,exposed_concrete,yes,"no (removed, see results/data_cleaning/removed_images.csv)",CC BY-SA 4.0,Johann Jaritz,https://commons.wikimedia.org/wiki/File:P%C3%B6rtschach_10.-Oktober-Stra%C3%9Fe_27_Telekommunikationsgeb%C3%A4ude_Sichtbeton_30012022_2069.jpg
exposed_concrete_042,exposed_concrete,yes,yes,CC BY-SA 3.0,mattbuck (category),https://commons.wikimedia.org/wiki/File:University_Park_MMB_E4_Tower_Building.jpg
exposed_concrete_043,exposed_concrete,yes,yes,CC BY-SA 4.0,KaiKemmann,"https://commons.wikimedia.org/wiki/File:Bauhaus_Museum_Weimar,_Neubau_2018,_Sichtbeton_Fassade_-_Musterfl%C3%A4chen_nah,_1._und_2._von_links.jpg"
exposed_concrete_044,exposed_concrete,yes,yes,CC BY-SA 4.0,KaiKemmann,"https://commons.wikimedia.org/wiki/File:Bauhaus_Museum_Weimar,_Neubau_2018,_Sichtbeton_Fassade_-_Musterfl%C3%A4chen,_im_rechten_Teil_wurde_die_Oberfl%C3%A4che_abgetragen.jpg"
exposed_concrete_045,exposed_concrete,yes,yes,CC BY-SA 4.0,KaiKemmann,"https://commons.wikimedia.org/wiki/File:Bauhaus_Museum_Weimar,_Neubau_2018,_Sichtbeton_Fassade_-_Musterfl%C3%A4chen_nah,_5._und_6._von_links.jpg"
exposed_concrete_046,exposed_concrete,yes,yes,CC BY-SA 4.0,KaiKemmann,"https://commons.wikimedia.org/wiki/File:Bauhaus_Museum_Weimar,_Neubau_2018,_Sichtbeton_Fassade_-_Musterfl%C3%A4chen_nah,_3._und_4._von_links.jpg"
exposed_concrete_047,exposed_concrete,yes,yes,CC BY-SA 4.0,KaiKemmann,"https://commons.wikimedia.org/wiki/File:Bauhaus_Museum_Weimar,_Neubau_2018,_Sichtbeton_Fassade_-_Musterfl%C3%A4chen,_1._und_2._von_links.jpg"
exposed_concrete_048,exposed_concrete,yes,yes,CC BY-SA 4.0,KaiKemmann,"https://commons.wikimedia.org/wiki/File:Bauhaus_Museum_Weimar,_Neubau_2018,_Sichtbeton_Fassade_-_Musterfl%C3%A4chen,_5._und_6._von_links.jpg"
exposed_concrete_049,exposed_concrete,yes,yes,CC BY-SA 4.0,KaiKemmann,"https://commons.wikimedia.org/wiki/File:Bauhaus_Museum_Weimar,_Neubau_2018,_Sichtbeton_Fassade_-_Musterfl%C3%A4chen,_glatt.jpg"
glass_000,glass,yes,yes,CC BY-SA 4.0,Basile Morin,"https://commons.wikimedia.org/wiki/File:Illuminated_white_and_purple_facade_of_the_office_building_Rohm_Semiconductor_in_Kyoto,_Japan.jpg"
glass_001,glass,yes,yes,CC0,Wilfredor,https://commons.wikimedia.org/wiki/File:Building_in_Paulista_Avenue_09.jpg
glass_002,glass,yes,yes,CC BY-SA 4.0,Basile Morin,"https://commons.wikimedia.org/wiki/File:Facade_of_the_polyhedral_glass_building_The_Iceberg,_Shibuya,_Tokyo,_Japan.jpg"
glass_003,glass,yes,yes,CC BY-SA 4.0,Wilfredor,"https://commons.wikimedia.org/wiki/File:Reflection_of_Parque_Cultural_Paulista_building_in_Avenida_Paulista,_Brazil.jpg"
glass_004,glass,yes,yes,CC BY-SA 4.0,Basile Morin,"https://commons.wikimedia.org/wiki/File:Colorful_illuminated_facades_of_buildings_at_night,_with_green,_blue_and_pink_lights,_Kabukicho,_Shinjuku,_Tokyo.jpg"
glass_005,glass,yes,yes,CC BY-SA 4.0,Basile Morin,"https://commons.wikimedia.org/wiki/File:Exterior_view_of_the_illuminated_facade_of_Maison_Herm%C3%A8s,_Ginza,_Tokyo,_Japan.jpg"
glass_006,glass,yes,yes,CC BY-SA 4.0,Basile Morin,"https://commons.wikimedia.org/wiki/File:Glass_facade_of_an_illuminated_shopping_mall_at_blue_hour_with_vertical_symmetry_impression,_Orchard_Road,_Singapore.jpg"
glass_007,glass,yes,yes,CC BY-SA 4.0,Basile Morin,"https://commons.wikimedia.org/wiki/File:Exterior_view_of_the_illuminated_facade_of_Maison_Herm%C3%A8s_made_of_glass_blocks,_Ginza,_Tokyo,_Japan.jpg"
glass_008,glass,yes,yes,CC BY-SA 4.0,Sneha G Gupta,https://commons.wikimedia.org/wiki/File:Glass_facade_building_at_Bamberg.jpg
glass_009,glass,yes,yes,CC BY-SA 4.0,Basile Morin,https://commons.wikimedia.org/wiki/File:Sunlight_on_the_curved_honeycomb_glass_fa%C3%A7ade_of_the_hotel_Andaz_mixed_with_interior_lighting_at_sunset_in_Singapore.jpg
glass_010,glass,yes,yes,CC BY-SA 4.0,W.carter,"https://commons.wikimedia.org/wiki/File:Torp_shopping_mall_glass_facade,_Uddevalla_2.jpg"
glass_011,glass,yes,yes,CC BY-SA 4.0,W. Bulach,https://commons.wikimedia.org/wiki/File:00_0587_High-rise_building_with_glass_facade_-_Auckland.jpg
glass_013,glass,yes,yes,CC BY-SA 4.0,W.carter,"https://commons.wikimedia.org/wiki/File:Glass_facade_in_Torp_shopping_mall,_Uddevalla.jpg"
glass_014,glass,yes,yes,CC BY-SA 4.0,W.carter,"https://commons.wikimedia.org/wiki/File:Torp_shopping_mall_glass_facade,_Uddevalla_3.jpg"
glass_015,glass,yes,yes,CC BY-SA 4.0,W.carter,"https://commons.wikimedia.org/wiki/File:Torp_shopping_mall_glass_facade,_Uddevalla_4.jpg"
glass_016,glass,yes,yes,CC BY-SA 4.0,W.carter,"https://commons.wikimedia.org/wiki/File:Torp_shopping_mall_glass_facade,_Uddevalla_5.jpg"
glass_017,glass,yes,yes,CC BY-SA 3.0,Peter Balcerzak,https://commons.wikimedia.org/wiki/File:Glass_Facade_(211945331).jpeg
glass_019,glass,yes,yes,CC BY-SA 3.0,Grendelkhan,https://commons.wikimedia.org/wiki/File:Steve_Jobs_building_at_Pixar.gk.jpg
glass_020,glass,yes,yes,CC0,Mike Wilson mkwlsn,https://commons.wikimedia.org/wiki/File:Dark_glass_facade_(Unsplash).jpg
glass_021,glass,yes,yes,CC BY-SA 4.0,Wilfredor,https://commons.wikimedia.org/wiki/File:Building_in_Paulista_Avenue_8.jpg
glass_024,glass,yes,yes,CC0,Tomwsulcer,https://commons.wikimedia.org/wiki/File:Glass_building_exterior_and_facade_at_Cornell_University.jpg
glass_025,glass,yes,yes,CC BY-SA 4.0,Nylki,"https://commons.wikimedia.org/wiki/File:Solar_cells_mounted_on_the_glass_facade_of_Center_for_Photovoltaics_and_Renewable_Energies_(ZPV)_in_Berlin-Adlershof,_2025-09-25.jpeg"
glass_026,glass,yes,yes,CC BY-SA 4.0,Dietmar Rabich,"https://commons.wikimedia.org/wiki/File:M%C3%BCnster,_Westdeutsche_Lotterie_--_2018_--_0417.jpg"
glass_027,glass,yes,yes,CC BY 2.0,Eric Fischer,https://commons.wikimedia.org/wiki/File:Building_with_pointy_glass_facade_(18445604011).jpg
glass_028,glass,yes,yes,CC BY-SA 3.0,Powfreytmn,https://commons.wikimedia.org/wiki/File:HK_Wan_Chai_China_Resources_Building_glass_wall_facade_Oct-2012.JPG
glass_029,glass,yes,yes,CC BY-SA 2.0,Sebastian Ballard,https://commons.wikimedia.org/wiki/File:Glass_facade_-_American_Air_Museum_-_geograph.org.uk_-_769499.jpg
glass_031,glass,yes,yes,Public domain,Unknown; published in Decoration and Glass journal (1 January 1937).,"https://commons.wikimedia.org/wiki/File:Elizabeth_Street_facade_of_the_Rural_Bank_Building,_Martin_Place,_published_in_Decoration_and_Glass_(1_January_1937).jpg"
glass_033,glass,yes,yes,CC BY-SA 4.0,Dmitry Ivanov.,https://commons.wikimedia.org/wiki/File:Comecon_building_%E2%80%93_Western_facade.jpg
glass_034,glass,yes,yes,CC BY-SA 4.0,Michal Klajban,"https://commons.wikimedia.org/wiki/File:Christchurch_Art_Gallery,_Christchurch,_New_Zealand.jpg"
glass_035,glass,yes,yes,CC BY-SA 4.0,Dietmar Rabich,"https://commons.wikimedia.org/wiki/File:M%C3%BCnster,_LVM_--_2017_--_6351-7.jpg"
glass_036,glass,yes,yes,CC0,Fons Heijnsbroek,"https://commons.wikimedia.org/wiki/File:Photo_of_students_in_front_of_the_glass_facades_of_the_Conservatory_building_at_the_Oosterdokskade,_Amsterdam;_street_photography_in_free_images_%26_high_resolutions.tif"
glass_037,glass,yes,yes,CC0,Dmitrii Medvedev dmitriime2dev,https://commons.wikimedia.org/wiki/File:Glass_facade_edge_(Unsplash).jpg
glass_038,glass,yes,yes,CC BY 4.0,McGhiever,https://commons.wikimedia.org/wiki/File:Standard_Glass_%26_Paint_Company_Building.jpg
glass_039,glass,yes,yes,CC BY 3.0,Henk Monster,https://commons.wikimedia.org/wiki/File:The_renovated_originally_Gerrit_Rietveld_designed_1957_very_modern_glass_facade_building_along_the_Rhine_river_Arnhem_-_panoramio.jpg
glass_040,glass,yes,yes,CC BY-SA 3.0,Goarorelooam,https://commons.wikimedia.org/wiki/File:HK_YTM_Yau_Ma_Tei_Nathan_Commercial_Building_glass_wall_view_405_Nathan_Road_%E4%B9%9D%E9%BE%8D%E6%94%BF%E5%BA%9C%E5%90%88%E7%BD%B2_Kowloon_Government_Offices_facade_Jan-2014.JPG
glass_041,glass,yes,yes,CC BY-SA 4.0,W. Bulach,https://commons.wikimedia.org/wiki/File:00_2427_Reflections_in_the_facade_of_a_high-rise_building_-_Auckland.jpg
glass_042,glass,yes,yes,CC BY-SA 2.0,terry,https://commons.wikimedia.org/wiki/File:The_Glass_Box_-_geograph.org.uk_-_7496902.jpg
glass_045,glass,yes,yes,CC BY-SA 3.0,Greg Gebhardt,https://commons.wikimedia.org/wiki/File:Terrace_%5E_Glass_Facade_-_panoramio.jpg
glass_046,glass,yes,yes,CC BY-SA 4.0,Dietmar Rabich,"https://commons.wikimedia.org/wiki/File:M%C3%BCnster,_LVM_--_2017_--_9343-7.jpg"
glass_047,glass,yes,yes,CC0,Dmitri Popov dmpop,https://commons.wikimedia.org/wiki/File:Glass-covered_facade_(Unsplash).jpg
glass_048,glass,yes,yes,CC BY-SA 3.0,Mark Ahsmann,"https://commons.wikimedia.org/wiki/File:Glass_block_window,_Bata_building_nr._21,_railing,_Zl%C3%ADn.JPG"
glass_049,glass,yes,yes,CC0,Fons Heijnsbroek,"https://commons.wikimedia.org/wiki/File:Photo_of_students_and_youngsters_waiting_in_front_of_the_glass_facades_of_the_OBA_and_the_Conservatory_building_at_the_Oosterdokskade,_Amsterdam;_street_photography_in_free_images_%26_high_resolutions.tif"
painted_render_000,painted_render,yes,yes,Public domain,"Eliott, Joseph, creator","https://commons.wikimedia.org/wiki/File:Interior_view,_greenhouse,_north_wall_taken_from_the_ground._Stucco-painted_white-covered_the_interior_walls_in_order_to_seal-off_any_drafts_and_to_reflect_the_sunlight_entering_through_HALS_PA-1-B-17.tif"
painted_render_001,painted_render,yes,yes,CC BY-SA 4.0,Im Fokus,"https://commons.wikimedia.org/wiki/File:Wuppertal,_Dorotheenstr._32,_Nordwand,_Bild_2.jpg"
painted_render_002,painted_render,yes,yes,CC BY-SA 4.0,Im Fokus,"https://commons.wikimedia.org/wiki/File:Wuppertal,_Dorotheenstr._32,_Nordwand.jpg"
painted_render_003,painted_render,yes,yes,CC BY-SA 4.0,Im Fokus,"https://commons.wikimedia.org/wiki/File:Wuppertal,_Dorotheenstr._34_und_Nordwand_Nr._32.jpg"
painted_render_004,painted_render,yes,yes,CC BY-SA 3.0,Calderoliver,https://commons.wikimedia.org/wiki/File:LawrenceScarpa_Cherokee_007780-2.jpg
painted_render_005,painted_render,yes,yes,Public domain,"Stamets, John
Related names:

Dinkelspiel, Lloyd W
Brown, Arthur
Hyman, Samuel Lightner
Appleton, A
BOLA Architecture + Planning, contractor
Maul, David, transmitter","https://commons.wikimedia.org/wiki/File:Gymnasium._Detail_of_wooden_trusses_connecting_to_east_wall._-_Jewish_Community_Center_of_San_Francisco,_3200_California_Street,_San_Francisco,_San_Francisco_County,_CA_HABS_CAL,38-SANFRA,204-37.tif"
painted_render_008,painted_render,yes,"no (removed, see results/data_cleaning/removed_images.csv)",Public domain,"Stamets, John
Related names:

Dinkelspiel, Lloyd W
Brown, Arthur
Hyman, Samuel Lightner
Appleton, A
BOLA Architecture + Planning, contractor
Maul, David, transmitter","https://commons.wikimedia.org/wiki/File:Assembly_room._Oblique_view_of_east_wall_shows_all_four_windows_and_door._-_Jewish_Community_Center_of_San_Francisco,_3200_California_Street,_San_Francisco,_San_Francisco_HABS_CAL,38-SANFRA,204-30.tif"
painted_render_009,painted_render,yes,yes,Public domain,"Stamets, John
Related names:

Dinkelspiel, Lloyd W
Brown, Arthur
Hyman, Samuel Lightner
Appleton, A
BOLA Architecture + Planning, contractor
Maul, David, transmitter","https://commons.wikimedia.org/wiki/File:Elevation_view_of_west_wall_of_patio_with_steps,_mural_and_windows_on_second_floor._-_Jewish_Community_Center_of_San_Francisco,_3200_California_Street,_San_Francisco,_San_HABS_CAL,38-SANFRA,204-15.tif"
painted_render_010,painted_render,yes,"no (removed, see results/data_cleaning/removed_images.csv)",Public domain,"Stamets, John
Related names:

Dinkelspiel, Lloyd W
Brown, Arthur
Hyman, Samuel Lightner
Appleton, A
BOLA Architecture + Planning, contractor
Maul, David, transmitter","https://commons.wikimedia.org/wiki/File:Detail_of_tile_work_in_lobby._This_segment_is_approximately_in_the_center_of_the_south_wall_of_the_lobby,_also_seen_in_photo_CA-2724-24._-_Jewish_Community_Center_of_San_HABS_CAL,38-SANFRA,204-27.tif"
painted_render_011,painted_render,yes,yes,Public domain,"Hughes, Karen
Related names:

Calloway, Deborah, transmitter","https://commons.wikimedia.org/wiki/File:FRONT_SIDE_FACING_EAST._-_U.S._Naval_Air_Station,_Paint_Shop,_222_East_Avenue,_Pensacola,_Escambia_County,_FL_HABS_FL-490-2.tif"
painted_render_012,painted_render,yes,yes,Public domain,"Hughes, Karen
Related names:

Calloway, Deborah, transmitter","https://commons.wikimedia.org/wiki/File:BACK_SIDE_FACING_WEST._-_U.S._Naval_Air_Station,_Paint_Shop,_222_East_Avenue,_Pensacola,_Escambia_County,_FL_HABS_FL-490-6.tif"
painted_render_013,painted_render,yes,yes,Public domain,"Hughes, Karen
Related names:

Calloway, Deborah, transmitter","https://commons.wikimedia.org/wiki/File:DETAIL_OF_WINDOWS_ON_FRONT_SIDE_FACING_EAST._-_U.S._Naval_Air_Station,_Paint_Shop,_222_East_Avenue,_Pensacola,_Escambia_County,_FL_HABS_FL-490-8.tif"
painted_render_014,painted_render,yes,yes,Public domain,"Hughes, Karen
Related names:

Calloway, Deborah, transmitter","https://commons.wikimedia.org/wiki/File:DETAIL_OF_MAIN_DOOR_ON_FRONT_SIDE_FACING_EAST._-_U.S._Naval_Air_Station,_Paint_Shop,_222_East_Avenue,_Pensacola,_Escambia_County,_FL_HABS_FL-490-9.tif"
painted_render_016,painted_render,yes,yes,CC BY-SA 3.0,Globetrotter19,"https://commons.wikimedia.org/wiki/File:Szent_Istv%C3%A1n_Platz_2,_Stuck,_2023_B%C3%A9k%C3%A9scsaba.jpg"
painted_render_017,painted_render,yes,"no (removed, see results/data_cleaning/removed_images.csv)",Public domain,unknown,"https://commons.wikimedia.org/wiki/File:Historic_American_Buildings_Survey_Lester_Jones,_Photographer_February_28,_1940_NORTH_ELEVATION_-_Lemee_House,_310_Jefferson_Street,_Natchitoches,_Natchitoches_Parish,_LA_HABS_LA,35-NATCH,6-2.tif"
painted_render_018,painted_render,yes,"no (removed, see results/data_cleaning/removed_images.csv)",Public domain,unknown,"https://commons.wikimedia.org/wiki/File:Historic_American_Buildings_Survey_Lester_Jones,_Photographer_February_28,_1940_ATTIC_FRAMING_-_Lemee_House,_310_Jefferson_Street,_Natchitoches,_Natchitoches_Parish,_LA_HABS_LA,35-NATCH,6-9.tif"
painted_render_019,painted_render,yes,yes,Public domain,Lester Jones,"https://commons.wikimedia.org/wiki/File:Historic_American_Buildings_Survey_Lester_Jones,_Photographer_February_28,_1940_FIREPLACE,_CENTER_ROOM_-_Lemee_House,_310_Jefferson_Street,_Natchitoches,_Natchitoches_Parish,_LA_HABS_LA,35-NATCH,6-6.tif"
painted_render_020,painted_render,yes,yes,CC BY-SA 2.0,Tim Evanson,https://commons.wikimedia.org/wiki/File:Arlington_House_-_E_facade_of_North_Slave_Quarters_-_2011.jpg
painted_render_021,painted_render,yes,yes,Public domain,unknown,"https://commons.wikimedia.org/wiki/File:Historic_American_Buildings_Survey_Lester_Jones,_Photographer_February_28,_1940_CORNER_FIREPLACE,_SOUTH-EAST_ROOM_-_Lemee_House,_310_Jefferson_Street,_Natchitoches,_Natchitoches_HABS_LA,35-NATCH,6-5.tif"
painted_render_022,painted_render,yes,yes,Public domain,unknown,"https://commons.wikimedia.org/wiki/File:Historic_American_Buildings_Survey_Lester_Jones,_Photographer_February_28,_1940_CORNER_FIREPLACE,_SOUTH-WEST_ROOM_-_Lemee_House,_310_Jefferson_Street,_Natchitoches,_Natchitoches_HABS_LA,35-NATCH,6-7.tif"
painted_render_023,painted_render,yes,"no (removed, see results/data_cleaning/removed_images.csv)",Public domain,unknown,"https://commons.wikimedia.org/wiki/File:Historic_American_Buildings_Survey_Lester_Jones,_Photographer_February_28,_1940_ATTIC_-_LOOKING_NORTH_-_Lemee_House,_310_Jefferson_Street,_Natchitoches,_Natchitoches_Parish,_LA_HABS_LA,35-NATCH,6-8.tif"
painted_render_024,painted_render,yes,"no (removed, see results/data_cleaning/removed_images.csv)",Public domain,unknown,"https://commons.wikimedia.org/wiki/File:Historic_American_Buildings_Survey_Lester_Jones,_Photographer_February_28,_1940_VIEW_FROM_SOUTHWEST_(REAR)_-_Lemee_House,_310_Jefferson_Street,_Natchitoches,_Natchitoches_Parish,_HABS_LA,35-NATCH,6-3.tif"
painted_render_026,painted_render,yes,"no (removed, see results/data_cleaning/removed_images.csv)",Public domain,Lester Jones,"https://commons.wikimedia.org/wiki/File:Historic_American_Buildings_Survey_Lester_Jones,_Photographer_February_28,_1940_CISTERN_DETAIL_AT_REAR_OF_HOUSE_-_Lemee_House,_310_Jefferson_Street,_Natchitoches,_Natchitoches_HABS_LA,35-NATCH,6-4.tif"
painted_render_027,painted_render,yes,"no (removed, see results/data_cleaning/removed_images.csv)",CC BY-SA 3.0,Calderoliver,https://commons.wikimedia.org/wiki/File:LawrenceScarpa_Cherokee_8268.jpg
painted_render_028,painted_render,yes,"no (removed, see results/data_cleaning/removed_images.csv)",CC BY 2.0,"Elliott Brown from Birmingham, United Kingdom",https://commons.wikimedia.org/wiki/File:Christopher_Wray_Lighting_Company_in_the_snow_(4252657748).jpg
painted_render_030,painted_render,yes,"no (removed, see results/data_cleaning/removed_images.csv)",Public domain,"Related names:

Evans, E X
Hawley, Monica E, transmitter
Hawley, Monica E, historian
Lowe, Jet, photographer","https://commons.wikimedia.org/wiki/File:EAST_COMMERCIAL_AVENUE_FACADE_OF_THE_MAHIE_BLOCK_SHOWING_THE_TWENTIETH_CENTURY_ALTERATIONS_-_Anaconda_Historic_District,_Mahie_Block,_124_East_Commercial_Avenue,_Anaconda,_Deer_HABS_MONT,12-ANAC,1-Q-2.tif"
painted_render_032,painted_render,yes,yes,Public domain,unknown,"https://commons.wikimedia.org/wiki/File:Perspective_view_looking_from_the_northeast_-_Lemee_House,_310_Jefferson_Street,_Natchitoches,_Natchitoches_Parish,_LA_HABS_LA,35-NATCH,6-12.tif"
painted_render_033,painted_render,yes,yes,Public domain,unknown,"https://commons.wikimedia.org/wiki/File:Elevation,_view_of_the_east_faand-231;ade,_with_scale_-_Lemee_House,_310_Jefferson_Street,_Natchitoches,_Natchitoches_Parish,_LA_HABS_LA,35-NATCH,6-11.tif"
painted_render_034,painted_render,yes,"no (removed, see results/data_cleaning/removed_images.csv)",CC BY 2.0,Elliott Brown,"https://commons.wikimedia.org/wiki/File:90_Moseley_Road,_Highgate.jpg"
painted_render_036,painted_render,yes,"no (removed, see results/data_cleaning/removed_images.csv)",CC BY 2.0,"Elliott Brown from Birmingham, United Kingdom",https://commons.wikimedia.org/wiki/File:Grand_Hotel_from_Colmore_Row_-_Porch_(5137140037).jpg
painted_render_040,painted_render,yes,yes,CC BY-SA 2.0,w_lemay,"https://commons.wikimedia.org/wiki/File:George_Memhard_Residence,_Gorham_Street_and_Pinckney_Street,_Mansion_Hill,_Madison,_WI.jpg"
painted_render_041,painted_render,yes,yes,CC BY 2.0,"George Memhard Residence, Gorham Street and Pinckney Street, Mansion Hill, Madison, WI.jpg: w_lemay
derivative work: James Steakley","https://commons.wikimedia.org/wiki/File:George_Memhard_Residence,_Gorham_Street_and_Pinckney_Street,_Mansion_Hill,_Madison,_WI_-_crop.jpg"
painted_render_042,painted_render,yes,"no (removed, see results/data_cleaning/removed_images.csv)",CC BY-SA 2.0,w_lemay,"https://commons.wikimedia.org/wiki/File:Broadway_Road_and_Kachina_Drive,_Tempe,_AZ.jpg"
painted_render_044,painted_render,yes,yes,CC BY-SA 2.0,w_lemay,"https://commons.wikimedia.org/wiki/File:Broadway_Road_and_Kachina_Drive,_Tempe,_AZ_-_54438142125.jpg"
painted_render_045,painted_render,yes,"no (removed, see results/data_cleaning/removed_images.csv)",CC BY-SA 2.0,"Warren LeMay from Chicago, IL, United States","https://commons.wikimedia.org/wiki/File:Market_Street,_Bethlehem,_PA_(52422010923).jpg"
painted_render_046,painted_render,yes,yes,CC BY-SA 2.0,"Warren LeMay from Chicago, IL, United States","https://commons.wikimedia.org/wiki/File:Market_Street,_Bethlehem,_PA_(52421497946).jpg"
painted_render_047,painted_render,yes,yes,CC BY-SA 2.0,"Warren LeMay from Chicago, IL, United States","https://commons.wikimedia.org/wiki/File:Market_Street,_Bethlehem,_PA_(52421782649).jpg"
painted_render_048,painted_render,yes,yes,CC BY-SA 2.0,"Warren LeMay from Chicago, IL, United States","https://commons.wikimedia.org/wiki/File:Market_Street,_Bethlehem,_PA_(52421782279).jpg"
painted_render_049,painted_render,yes,yes,CC BY-SA 2.0,w_lemay,"https://commons.wikimedia.org/wiki/File:Merrimon_Avenue,_Asheville,_NC_-_53413436352.jpg"
stone_cladding_000,stone_cladding,yes,yes,CC BY-SA 2.0,sludgegulper,"https://commons.wikimedia.org/wiki/File:Crazy_stone_cladding_,E9.jpg"
stone_cladding_001,stone_cladding,yes,yes,CC BY-SA 4.0,Moscowjob.net,https://commons.wikimedia.org/wiki/File:2014_Moscow_visiting_Lenin_Mausoleum.JPG
stone_cladding_002,stone_cladding,yes,"no (removed, see results/data_cleaning/removed_images.csv)",CC BY-SA 2.0,sludgegulper,https://commons.wikimedia.org/wiki/File:Stone_Cladding_-_18714720670.jpg
stone_cladding_003,stone_cladding,yes,yes,CC BY-SA 2.0,sludgegulper,https://commons.wikimedia.org/wiki/File:E10_stone_cladding_-_8149128784.jpg
stone_cladding_004,stone_cladding,yes,yes,CC BY-SA 2.0,Sludge G,"https://commons.wikimedia.org/wiki/File:Stone_cladding,_Dagenham.jpg"
stone_cladding_005,stone_cladding,yes,yes,CC BY-SA 2.0,sludgegulper,https://commons.wikimedia.org/wiki/File:Stone_cladding_E17.jpg
stone_cladding_006,stone_cladding,yes,yes,CC BY-SA 2.0,sludgegulper,https://commons.wikimedia.org/wiki/File:N8_stone_cladding.jpg
stone_cladding_007,stone_cladding,yes,yes,CC BY-SA 2.0,sludgegulper,https://commons.wikimedia.org/wiki/File:Stone_Cladding_Bexleyheath.jpg
stone_cladding_008,stone_cladding,yes,yes,CC BY-SA 2.0,sludgegulper,"https://commons.wikimedia.org/wiki/File:Stone_Cladding,_N16_style.jpg"
stone_cladding_009,stone_cladding,yes,yes,CC BY-SA 2.0,sludgegulper,"https://commons.wikimedia.org/wiki/File:Stone_Cladding,_Bedford.jpg"
stone_cladding_010,stone_cladding,yes,"no (removed, see results/data_cleaning/removed_images.csv)",CC BY-SA 2.0,sludgegulper,https://commons.wikimedia.org/wiki/File:Stone_Cladding_E12.jpg
stone_cladding_011,stone_cladding,yes,yes,CC BY-SA 2.0,sludgegulper,"https://commons.wikimedia.org/wiki/File:Stone_cladding,_Kempton,_Bedford.jpg"
stone_cladding_012,stone_cladding,yes,yes,CC BY-SA 2.0,sludgegulper,https://commons.wikimedia.org/wiki/File:Stokie_Stone_cladding_N16.jpg
stone_cladding_013,stone_cladding,yes,"no (removed, see results/data_cleaning/removed_images.csv)",CC BY-SA 2.0,sludgegulper,https://commons.wikimedia.org/wiki/File:E5_stone_cladding_-_3891649526.jpg
stone_cladding_014,stone_cladding,yes,yes,CC BY-SA 2.0,sludgegulper,"https://commons.wikimedia.org/wiki/File:Stone_Cladding,_E17.jpg"
stone_cladding_015,stone_cladding,yes,yes,CC BY-SA 2.0,sludgegulper,https://commons.wikimedia.org/wiki/File:E17_Stone_cladding_-_16211226704.jpg
stone_cladding_016,stone_cladding,yes,yes,CC BY-SA 2.0,sludgegulper,https://commons.wikimedia.org/wiki/File:Upminster_stone_cladding_-_16558533943.jpg
stone_cladding_017,stone_cladding,yes,yes,CC BY-SA 2.0,sludgegulper,https://commons.wikimedia.org/wiki/File:E5_stone_cladding_-_8377795383.jpg
stone_cladding_018,stone_cladding,yes,yes,CC BY-SA 2.0,sludgegulper,https://commons.wikimedia.org/wiki/File:Stone_cladding_E17_-_16545143820.jpg
stone_cladding_019,stone_cladding,yes,yes,CC BY-SA 2.0,sludgegulper,https://commons.wikimedia.org/wiki/File:Stone_Cladding_E12_-_5550960730.jpg
stone_cladding_020,stone_cladding,yes,yes,CC BY-SA 2.0,sludgegulper,https://commons.wikimedia.org/wiki/File:E11_stone_cladding_-_4172555410.jpg
stone_cladding_021,stone_cladding,yes,yes,CC BY-SA 2.0,sludgegulper,https://commons.wikimedia.org/wiki/File:E11_Stone_cladding_Leytonstone.jpg
stone_cladding_022,stone_cladding,yes,yes,CC BY-SA 2.0,sludgegulper,"https://commons.wikimedia.org/wiki/File:Pale_stone_cladding,_E10.jpg"
stone_cladding_023,stone_cladding,yes,yes,CC BY-SA 2.0,sludgegulper,https://commons.wikimedia.org/wiki/File:E11_stone_cladding_-_4171801299.jpg
stone_cladding_024,stone_cladding,yes,yes,CC BY-SA 2.0,sludgegulper,https://commons.wikimedia.org/wiki/File:E17_stone_cladding_-_5232009121.jpg
stone_cladding_025,stone_cladding,yes,yes,CC BY-SA 2.0,sludgegulper,"https://commons.wikimedia.org/wiki/File:Stone_cladding,_Plaistow,_E13.jpg"
stone_cladding_026,stone_cladding,yes,yes,CC BY-SA 2.0,sludgegulper,"https://commons.wikimedia.org/wiki/File:Stone_Cladding_with_vegetation,_N15.jpg"
stone_cladding_027,stone_cladding,yes,yes,CC BY-SA 2.0,sludgegulper,https://commons.wikimedia.org/wiki/File:Stone_cladding_leytonstone_e11.jpg
stone_cladding_028,stone_cladding,yes,yes,CC BY-SA 2.0,sludgegulper,https://commons.wikimedia.org/wiki/File:Stone_Cladding_Bexleyheath_-_37953282881.jpg
stone_cladding_029,stone_cladding,yes,yes,CC BY-SA 2.0,sludgegulper,"https://commons.wikimedia.org/wiki/File:E17_Stone_cladding,_Walthamstow.jpg"
stone_cladding_030,stone_cladding,yes,yes,CC BY-SA 2.0,sludgegulper,"https://commons.wikimedia.org/wiki/File:Stone_Cladding,_Plaistow,_E13.jpg"
stone_cladding_031,stone_cladding,yes,yes,CC BY-SA 2.0,sludgegulper,https://commons.wikimedia.org/wiki/File:E5_stone_cladding_update.jpg
stone_cladding_032,stone_cladding,yes,yes,CC BY-SA 2.0,sludgegulper,https://commons.wikimedia.org/wiki/File:Havering_stone_cladding_-_22189262722.jpg
stone_cladding_033,stone_cladding,yes,yes,CC BY-SA 2.0,sludgegulper,https://commons.wikimedia.org/wiki/File:E17_Stone_cladding_June_2009.jpg
stone_cladding_034,stone_cladding,yes,yes,CC BY-SA 2.0,sludgegulper,"https://commons.wikimedia.org/wiki/File:Shy_stone_cladding,_E17.jpg"
stone_cladding_035,stone_cladding,yes,yes,CC BY-SA 2.0,sludgegulper,"https://commons.wikimedia.org/wiki/File:Early_Morning_Stone_Cladding,_E5.jpg"
stone_cladding_036,stone_cladding,yes,yes,CC BY-SA 2.0,sludgegulper,https://commons.wikimedia.org/wiki/File:Stone_Cladding._E12._Little_Ilford.jpg
stone_cladding_037,stone_cladding,yes,yes,CC BY-SA 2.0,sludgegulper,"https://commons.wikimedia.org/wiki/File:Uniform_Stone_Cladding,_E17.jpg"
stone_cladding_038,stone_cladding,yes,yes,CC BY-SA 2.0,sludgegulper,https://commons.wikimedia.org/wiki/File:Partial_Stone_cladding._E17.jpg
stone_cladding_039,stone_cladding,yes,yes,CC BY-SA 2.0,sludgegulper,https://commons.wikimedia.org/wiki/File:Stone_Cladding_Forest_Gate_E7.jpg
stone_cladding_040,stone_cladding,yes,yes,CC BY-SA 2.0,sludgegulper,"https://commons.wikimedia.org/wiki/File:Walthamstow_stone_cladding,_E17.jpg"
stone_cladding_041,stone_cladding,yes,yes,CC BY-SA 2.0,sludgegulper,https://commons.wikimedia.org/wiki/File:E10_stone_cladding_-_8149098021.jpg
stone_cladding_042,stone_cladding,yes,yes,CC BY-SA 2.0,sludgegulper,"https://commons.wikimedia.org/wiki/File:Stone_cladding_Maryland,_Stratford_E15.jpg"
stone_cladding_043,stone_cladding,yes,yes,CC BY-SA 2.0,sludgegulper,https://commons.wikimedia.org/wiki/File:E15_stone_cladding_(some_missing).jpg
stone_cladding_044,stone_cladding,yes,yes,CC BY-SA 2.0,sludgegulper,https://commons.wikimedia.org/wiki/File:E11_stone_cladding_-_4172555946.jpg
stone_cladding_045,stone_cladding,yes,yes,CC BY-SA 2.0,sludgegulper,"https://commons.wikimedia.org/wiki/File:Rear_stone_cladding,_N15.jpg"
stone_cladding_046,stone_cladding,yes,yes,CC BY-SA 2.0,sludgegulper,https://commons.wikimedia.org/wiki/File:Forest_Gate_Stone_Cladding_E7.jpg
stone_cladding_047,stone_cladding,yes,yes,CC BY-SA 2.0,sludgegulper,https://commons.wikimedia.org/wiki/File:E17_Stone_Cladding_with_triptych_window.jpg
stone_cladding_048,stone_cladding,yes,yes,CC BY-SA 2.0,sludgegulper,https://commons.wikimedia.org/wiki/File:Walthamstow_Stone_Cladding_in_red_and_white.jpg
stone_cladding_049,stone_cladding,yes,yes,CC BY-SA 2.0,sludgegulper,https://commons.wikimedia.org/wiki/File:E17_stone_cladding_with_removal_of_bay.jpg
