file,title,license,author,source_page,query
cladding_panel_000.jpg,File:Fahrradstaender vor Metallfassade.jpg,CC BY-SA 4.0,Wagner Cxxx,https://commons.wikimedia.org/wiki/File:Fahrradstaender_vor_Metallfassade.jpg,"incategory:""Aluminium facades"""
cladding_panel_001.jpg,File:Kesselhaus in Radolfzell - hinterlüftete Aluwelle (2020).jpg,CC BY-SA 4.0,JoachimKohler-HB,https://commons.wikimedia.org/wiki/File:Kesselhaus_in_Radolfzell_-_hinterl%C3%BCftete_Aluwelle_(2020).jpg,"incategory:""Aluminium facades"""
cladding_panel_002.jpg,File:Kesselhaus in Radolfzell und Fussgängerbrücke (2020).jpg,CC BY-SA 4.0,JoachimKohler-HB,https://commons.wikimedia.org/wiki/File:Kesselhaus_in_Radolfzell_und_Fussg%C3%A4ngerbr%C3%BCcke_(2020).jpg,"incategory:""Aluminium facades"""
cladding_panel_003.jpg,File:Praha Stare Mesto U milosrdnych Obecni dvur A.jpg,CC BY-SA 4.0,JiriMatejicek,https://commons.wikimedia.org/wiki/File:Praha_Stare_Mesto_U_milosrdnych_Obecni_dvur_A.jpg,"incategory:""Aluminium facades"""
cladding_panel_004.jpg,File:Torvehuset (vest 01).jpg,CC BY-SA 4.0,RhinoMind,https://commons.wikimedia.org/wiki/File:Torvehuset_(vest_01).jpg,"incategory:""Aluminium facades"""
cladding_panel_005.jpg,File:Torvehuset (vestfacade).jpg,CC BY-SA 4.0,RhinoMind,https://commons.wikimedia.org/wiki/File:Torvehuset_(vestfacade).jpg,"incategory:""Aluminium facades"""
cladding_panel_006.jpg,File:БіоТЕС у місті Кам’янець-Подільський.jpg,CC BY-SA 4.0,Sheburena,https://commons.wikimedia.org/wiki/File:%D0%91%D1%96%D0%BE%D0%A2%D0%95%D0%A1_%D1%83_%D0%BC%D1%96%D1%81%D1%82%D1%96_%D0%9A%D0%B0%D0%BC%E2%80%99%D1%8F%D0%BD%D0%B5%D1%86%D1%8C-%D0%9F%D0%BE%D0%B4%D1%96%D0%BB%D1%8C%D1%81%D1%8C%D0%BA%D0%B8%D0%B9.jpg,"incategory:""Aluminium facades"""
cladding_panel_007.jpg,"File:DSC03968 Gasometer für Gicht- und Tiegelgas bei Nacht, voestalpine Linz, 2026.jpg",CC BY 4.0,Aciarium,"https://commons.wikimedia.org/wiki/File:DSC03968_Gasometer_f%C3%BCr_Gicht-_und_Tiegelgas_bei_Nacht,_voestalpine_Linz,_2026.jpg","incategory:""Metal facades"""
cladding_panel_008.jpg,"File:Die künftige Haupthalle, verkleІdet mit bemalten Blechplatten.jpg",Public domain,Alfons von Mumm,"https://commons.wikimedia.org/wiki/File:Die_k%C3%BCnftige_Haupthalle,_verkle%D0%86det_mit_bemalten_Blechplatten.jpg","incategory:""Metal facades"""
cladding_panel_009.jpg,File:El Chaltén 1994 04.jpg,CC BY-SA 4.0,LBM1948,https://commons.wikimedia.org/wiki/File:El_Chalt%C3%A9n_1994_04.jpg,"incategory:""Metal facades"""
cladding_panel_010.jpg,"File:Façade detail of the Land Rover Segeltorp dealership, Stockholm, Sweden julesvernex2-2.jpg",CC BY-SA 4.0,Jules Verne Times Two,"https://commons.wikimedia.org/wiki/File:Fa%C3%A7ade_detail_of_the_Land_Rover_Segeltorp_dealership,_Stockholm,_Sweden_julesvernex2-2.jpg","incategory:""Metal facades"""
cladding_panel_011.jpg,"File:Façade detail of the Land Rover Segeltorp dealership, Stockholm, Sweden julesvernex2-3.jpg",CC BY-SA 4.0,Jules Verne Times Two,"https://commons.wikimedia.org/wiki/File:Fa%C3%A7ade_detail_of_the_Land_Rover_Segeltorp_dealership,_Stockholm,_Sweden_julesvernex2-3.jpg","incategory:""Metal facades"""
cladding_panel_012.jpg,"File:Façade detail of the Land Rover Segeltorp dealership, Stockholm, Sweden julesvernex2-4.jpg",CC BY-SA 4.0,Jules Verne Times Two,"https://commons.wikimedia.org/wiki/File:Fa%C3%A7ade_detail_of_the_Land_Rover_Segeltorp_dealership,_Stockholm,_Sweden_julesvernex2-4.jpg","incategory:""Metal facades"""
cladding_panel_013.jpg,"File:Façade detail of the Land Rover Segeltorp dealership, Stockholm, Sweden julesvernex2.jpg",CC BY-SA 4.0,Jules Verne Times Two,"https://commons.wikimedia.org/wiki/File:Fa%C3%A7ade_detail_of_the_Land_Rover_Segeltorp_dealership,_Stockholm,_Sweden_julesvernex2.jpg","incategory:""Metal facades"""
cladding_panel_014.jpg,"File:Lavado de fasado de la konstruaĵo en strato Vorovskij 2, Tjumeno.jpg",CC BY-SA 4.0,RG72,"https://commons.wikimedia.org/wiki/File:Lavado_de_fasado_de_la_konstrua%C4%B5o_en_strato_Vorovskij_2,_Tjumeno.jpg","incategory:""Metal facades"""
cladding_panel_015.jpg,"File:Moscow, Foriver buildings, wide (May 2025) 02.jpg",CC0,Retired electrician,"https://commons.wikimedia.org/wiki/File:Moscow,_Foriver_buildings,_wide_(May_2025)_02.jpg","incategory:""Metal facades"""
cladding_panel_016.jpg,"File:Moscow, Foriver buildings, wide (May 2025) 03.jpg",CC0,Retired electrician,"https://commons.wikimedia.org/wiki/File:Moscow,_Foriver_buildings,_wide_(May_2025)_03.jpg","incategory:""Metal facades"""
cladding_panel_017.jpg,"File:Moscow, Foriver buildings (May 2025) shining 03.jpg",CC0,Retired electrician,"https://commons.wikimedia.org/wiki/File:Moscow,_Foriver_buildings_(May_2025)_shining_03.jpg","incategory:""Metal facades"""
cladding_panel_018.jpg,"File:Moscow, Foriver buildings (May 2025) shining 04.jpg",CC0,Retired electrician,"https://commons.wikimedia.org/wiki/File:Moscow,_Foriver_buildings_(May_2025)_shining_04.jpg","incategory:""Metal facades"""
cladding_panel_019.jpg,"File:Moscow, Foriver buildings (May 2025) shining 05.jpg",CC0,Retired electrician,"https://commons.wikimedia.org/wiki/File:Moscow,_Foriver_buildings_(May_2025)_shining_05.jpg","incategory:""Metal facades"""
cladding_panel_020.jpg,"File:Moscow, Foriver buildings block 1 (May 2025) 01.jpg",CC0,Retired electrician,"https://commons.wikimedia.org/wiki/File:Moscow,_Foriver_buildings_block_1_(May_2025)_01.jpg","incategory:""Metal facades"""
cladding_panel_021.jpg,"File:Moscow, Foriver buildings block 1 (May 2025) 10.jpg",CC0,Retired electrician,"https://commons.wikimedia.org/wiki/File:Moscow,_Foriver_buildings_block_1_(May_2025)_10.jpg","incategory:""Metal facades"""
cladding_panel_022.jpg,"File:Moscow, Foriver buildings block 1 (May 2025) 12.jpg",CC0,Retired electrician,"https://commons.wikimedia.org/wiki/File:Moscow,_Foriver_buildings_block_1_(May_2025)_12.jpg","incategory:""Metal facades"""
cladding_panel_023.jpg,"File:Moscow, Foriver buildings block 1 (May 2025) 14.jpg",CC0,Retired electrician,"https://commons.wikimedia.org/wiki/File:Moscow,_Foriver_buildings_block_1_(May_2025)_14.jpg","incategory:""Metal facades"""
cladding_panel_024.jpg,"File:Moscow, Foriver buildings block 1 (May 2025) 17.jpg",CC0,Retired electrician,"https://commons.wikimedia.org/wiki/File:Moscow,_Foriver_buildings_block_1_(May_2025)_17.jpg","incategory:""Metal facades"""
cladding_panel_025.jpg,"File:Moscow, Foriver buildings embankment works (May 2025) 05.jpg",CC0,Retired electrician,"https://commons.wikimedia.org/wiki/File:Moscow,_Foriver_buildings_embankment_works_(May_2025)_05.jpg","incategory:""Metal facades"""
cladding_panel_026.jpg,File:Pole (16041011846).jpg,CC BY 2.0,"Dean Hochman from Overland Park, Kansas, U.S.",https://commons.wikimedia.org/wiki/File:Pole_(16041011846).jpg,"incategory:""Metal facades"""
cladding_panel_027.jpg,"File:Reflected People are walking and biking through the subway corridor Cuyperspassage at the west side of Central Station Amsterdam; free photo by Fons Heijnsbroek, Summer 2020.tif",CC0,Fons Heijnsbroek,"https://commons.wikimedia.org/wiki/File:Reflected_People_are_walking_and_biking_through_the_subway_corridor_Cuyperspassage_at_the_west_side_of_Central_Station_Amsterdam;_free_photo_by_Fons_Heijnsbroek,_Summer_2020.tif","incategory:""Metal facades"""
cladding_panel_028.jpg,File:Vozovna Pisárky Listopad 2019g.jpg,CC BY-SA 4.0,Matej Grochal,https://commons.wikimedia.org/wiki/File:Vozovna_Pis%C3%A1rky_Listopad_2019g.jpg,"incategory:""Metal facades"""
cladding_panel_029.jpg,File:Blockheizkraftwerk Leipzig Möckern – Nordfassade.jpg,CC BY-SA 4.0,August Geyler,https://commons.wikimedia.org/wiki/File:Blockheizkraftwerk_Leipzig_M%C3%B6ckern_%E2%80%93_Nordfassade.jpg,"incategory:""Rainscreen cladding"""
cladding_panel_030.jpg,File:Blockheizkraftwerk Leipzig Möckern – Nordfassade mit Detail.jpg,CC BY-SA 4.0,August Geyler,https://commons.wikimedia.org/wiki/File:Blockheizkraftwerk_Leipzig_M%C3%B6ckern_%E2%80%93_Nordfassade_mit_Detail.jpg,"incategory:""Rainscreen cladding"""
cladding_panel_031.jpg,File:Blockheizkraftwerk Leipzig Möckern – Nordfassade mit Esse.jpg,CC BY-SA 4.0,August Geyler,https://commons.wikimedia.org/wiki/File:Blockheizkraftwerk_Leipzig_M%C3%B6ckern_%E2%80%93_Nordfassade_mit_Esse.jpg,"incategory:""Rainscreen cladding"""
cladding_panel_032.jpg,File:Ehemalige Hauptverwaltung der Hamburg-Münchener mit neuer Fassadenverkleidung..jpg,CC0,Wolf1949H,https://commons.wikimedia.org/wiki/File:Ehemalige_Hauptverwaltung_der_Hamburg-M%C3%BCnchener_mit_neuer_Fassadenverkleidung..jpg,"incategory:""Rainscreen cladding"""
cladding_panel_033.jpg,File:FACHADA salazar y herrera.jpg,CC BY-SA 4.0,Salazar y Herrera,https://commons.wikimedia.org/wiki/File:FACHADA_salazar_y_herrera.jpg,"incategory:""Rainscreen cladding"""
cladding_panel_034.jpg,File:Fachada ventilada lana de roca.JPG,Public domain,Engoman23,https://commons.wikimedia.org/wiki/File:Fachada_ventilada_lana_de_roca.JPG,"incategory:""Rainscreen cladding"""
cladding_panel_035.jpg,File:Fachada ventilada parque de bomberos de tortosa (españa).jpg,Public domain,Frankpulido,https://commons.wikimedia.org/wiki/File:Fachada_ventilada_parque_de_bomberos_de_tortosa_(espa%C3%B1a).jpg,"incategory:""Rainscreen cladding"""
cladding_panel_036.jpg,File:Fachada ventilada parque de bomberos de tortosa - euronit etercolor - marsein -isolana montajes.jpg,Public domain,Frankpulido,https://commons.wikimedia.org/wiki/File:Fachada_ventilada_parque_de_bomberos_de_tortosa_-_euronit_etercolor_-_marsein_-isolana_montajes.jpg,"incategory:""Rainscreen cladding"""
cladding_panel_037.jpg,File:Fachada ventilada sts reus- euronit natura - constecnia - isolana montajes.jpg,Public domain,Frankpulido,https://commons.wikimedia.org/wiki/File:Fachada_ventilada_sts_reus-_euronit_natura_-_constecnia_-_isolana_montajes.jpg,"incategory:""Rainscreen cladding"""
cladding_panel_038.jpg,File:Fassadenverkleidung einer Turnhalle.jpg,CC BY-SA 4.0,August Geyler,https://commons.wikimedia.org/wiki/File:Fassadenverkleidung_einer_Turnhalle.jpg,"incategory:""Rainscreen cladding"""
cladding_panel_039.jpg,File:Independent College Dublin.jpg,CC BY-SA 4.0,Kjerish,https://commons.wikimedia.org/wiki/File:Independent_College_Dublin.jpg,"incategory:""Rainscreen cladding"""
cladding_panel_040.jpg,File:JLG Lift.jpg,CC BY-SA 2.0,Woolie Monster,https://commons.wikimedia.org/wiki/File:JLG_Lift.jpg,"incategory:""Rainscreen cladding"""
cladding_panel_041.jpg,File:Oriflamme des Etats-Unis d'Amérique.JPG,CC BY-SA 3.0,Jean-Pierre Bazard  Jpbazard,https://commons.wikimedia.org/wiki/File:Oriflamme_des_Etats-Unis_d%27Am%C3%A9rique.JPG,"incategory:""Rainscreen cladding"""
cladding_panel_042.jpg,File:Workers on suspended scaffold in Korolyov.jpg,CC BY-SA 3.0,Dmitry Ivanov.,https://commons.wikimedia.org/wiki/File:Workers_on_suspended_scaffold_in_Korolyov.jpg,"incategory:""Rainscreen cladding"""
cladding_panel_043.jpg,File:Пример использования кронштейнов Jordahl для крепления облицовки вентфасада.JPG,CC BY-SA 3.0,Сергей Пермяков,https://commons.wikimedia.org/wiki/File:%D0%9F%D1%80%D0%B8%D0%BC%D0%B5%D1%80_%D0%B8%D1%81%D0%BF%D0%BE%D0%BB%D1%8C%D0%B7%D0%BE%D0%B2%D0%B0%D0%BD%D0%B8%D1%8F_%D0%BA%D1%80%D0%BE%D0%BD%D1%88%D1%82%D0%B5%D0%B9%D0%BD%D0%BE%D0%B2_Jordahl_%D0%B4%D0%BB%D1%8F_%D0%BA%D1%80%D0%B5%D0%BF%D0%BB%D0%B5%D0%BD%D0%B8%D1%8F_%D0%BE%D0%B1%D0%BB%D0%B8%D1%86%D0%BE%D0%B2%D0%BA%D0%B8_%D0%B2%D0%B5%D0%BD%D1%82%D1%84%D0%B0%D1%81%D0%B0%D0%B4%D0%B0.JPG,"incategory:""Rainscreen cladding"""
cladding_panel_044.jpg,"File:Kiasma from above, 1997 (14117106559).jpg",CC BY 2.0,Museum of Contemporary Art Kiasma from Finland,"https://commons.wikimedia.org/wiki/File:Kiasma_from_above,_1997_(14117106559).jpg","""aluminium cladding"" building -interior -diagram -drawing -logo -map -plan -section -detail -sample -texture"
cladding_panel_045.jpg,"File:162 College Ave W Saint Paul, Minnesota (view from Kellogg Blvd).jpg",CC BY 4.0,Myotus,"https://commons.wikimedia.org/wiki/File:162_College_Ave_W_Saint_Paul,_Minnesota_(view_from_Kellogg_Blvd).jpg","""metal cladding"" building -interior -diagram -drawing -logo -map -plan -section -detail -sample -texture"
cladding_panel_046.jpg,File:LEADER THEATER WEST PHILADELPHIA PA.jpg,CC BY-SA 4.0,"JERRYE & ROY KLOTZ, M.D.",https://commons.wikimedia.org/wiki/File:LEADER_THEATER_WEST_PHILADELPHIA_PA.jpg,"""metal cladding"" building -interior -diagram -drawing -logo -map -plan -section -detail -sample -texture"
cladding_panel_047.jpg,File:Red Corner Building in Porto’s Historic Center (54801170579).jpg,CC BY 4.0,"Dale Cruse - 10M views from San Francisco, CA, USA",https://commons.wikimedia.org/wiki/File:Red_Corner_Building_in_Porto%E2%80%99s_Historic_Center_(54801170579).jpg,"""metal cladding"" building -interior -diagram -drawing -logo -map -plan -section -detail -sample -texture"
