file,class,commons_page,license,license_url,artist
glass/glass_000.jpg,glass,"https://commons.wikimedia.org/wiki/File:Illuminated_white_and_purple_facade_of_the_office_building_Rohm_Semiconductor_in_Kyoto,_Japan.jpg",CC BY-SA 4.0,https://creativecommons.org/licenses/by-sa/4.0,Basile Morin
glass/glass_001.jpg,glass,https://commons.wikimedia.org/wiki/File:Building_in_Paulista_Avenue_09.jpg,CC0,http://creativecommons.org/publicdomain/zero/1.0/deed.en,Wilfredor
glass/glass_002.jpg,glass,"https://commons.wikimedia.org/wiki/File:Facade_of_the_polyhedral_glass_building_The_Iceberg,_Shibuya,_Tokyo,_Japan.jpg",CC BY-SA 4.0,https://creativecommons.org/licenses/by-sa/4.0,Basile Morin
glass/glass_003.jpg,glass,"https://commons.wikimedia.org/wiki/File:Reflection_of_Parque_Cultural_Paulista_building_in_Avenida_Paulista,_Brazil.jpg",CC BY-SA 4.0,https://creativecommons.org/licenses/by-sa/4.0,Wilfredor
glass/glass_004.jpg,glass,"https://commons.wikimedia.org/wiki/File:Colorful_illuminated_facades_of_buildings_at_night,_with_green,_blue_and_pink_lights,_Kabukicho,_Shinjuku,_Tokyo.jpg",CC BY-SA 4.0,https://creativecommons.org/licenses/by-sa/4.0,Basile Morin
glass/glass_005.jpg,glass,"https://commons.wikimedia.org/wiki/File:Exterior_view_of_the_illuminated_facade_of_Maison_Herm%C3%A8s,_Ginza,_Tokyo,_Japan.jpg",CC BY-SA 4.0,https://creativecommons.org/licenses/by-sa/4.0,Basile Morin
glass/glass_006.jpg,glass,"https://commons.wikimedia.org/wiki/File:Glass_facade_of_an_illuminated_shopping_mall_at_blue_hour_with_vertical_symmetry_impression,_Orchard_Road,_Singapore.jpg",CC BY-SA 4.0,https://creativecommons.org/licenses/by-sa/4.0,Basile Morin
glass/glass_007.jpg,glass,"https://commons.wikimedia.org/wiki/File:Exterior_view_of_the_illuminated_facade_of_Maison_Herm%C3%A8s_made_of_glass_blocks,_Ginza,_Tokyo,_Japan.jpg",CC BY-SA 4.0,https://creativecommons.org/licenses/by-sa/4.0,Basile Morin
glass/glass_008.jpg,glass,https://commons.wikimedia.org/wiki/File:Glass_facade_building_at_Bamberg.jpg,CC BY-SA 4.0,https://creativecommons.org/licenses/by-sa/4.0,Sneha G Gupta
glass/glass_009.jpg,glass,https://commons.wikimedia.org/wiki/File:Sunlight_on_the_curved_honeycomb_glass_fa%C3%A7ade_of_the_hotel_Andaz_mixed_with_interior_lighting_at_sunset_in_Singapore.jpg,CC BY-SA 4.0,https://creativecommons.org/licenses/by-sa/4.0,Basile Morin
glass/glass_010.jpg,glass,"https://commons.wikimedia.org/wiki/File:Torp_shopping_mall_glass_facade,_Uddevalla_2.jpg",CC BY-SA 4.0,https://creativecommons.org/licenses/by-sa/4.0,W.carter
glass/glass_011.jpg,glass,https://commons.wikimedia.org/wiki/File:00_0587_High-rise_building_with_glass_facade_-_Auckland.jpg,CC BY-SA 4.0,https://creativecommons.org/licenses/by-sa/4.0,W. Bulach
glass/glass_012.jpg,glass,"https://commons.wikimedia.org/wiki/File:Torp_shopping_mall_glass_facade,_Uddevalla_1.jpg",CC BY-SA 4.0,https://creativecommons.org/licenses/by-sa/4.0,W.carter
glass/glass_013.jpg,glass,"https://commons.wikimedia.org/wiki/File:Glass_facade_in_Torp_shopping_mall,_Uddevalla.jpg",CC BY-SA 4.0,https://creativecommons.org/licenses/by-sa/4.0,W.carter
glass/glass_014.jpg,glass,"https://commons.wikimedia.org/wiki/File:Torp_shopping_mall_glass_facade,_Uddevalla_3.jpg",CC BY-SA 4.0,https://creativecommons.org/licenses/by-sa/4.0,W.carter
glass/glass_015.jpg,glass,"https://commons.wikimedia.org/wiki/File:Torp_shopping_mall_glass_facade,_Uddevalla_4.jpg",CC BY-SA 4.0,https://creativecommons.org/licenses/by-sa/4.0,W.carter
glass/glass_016.jpg,glass,"https://commons.wikimedia.org/wiki/File:Torp_shopping_mall_glass_facade,_Uddevalla_5.jpg",CC BY-SA 4.0,https://creativecommons.org/licenses/by-sa/4.0,W.carter
glass/glass_017.jpg,glass,https://commons.wikimedia.org/wiki/File:Glass_Facade_(211945331).jpeg,CC BY-SA 3.0,https://creativecommons.org/licenses/by-sa/3.0,Peter Balcerzak
glass/glass_018.jpg,glass,"https://commons.wikimedia.org/wiki/File:Stained_glass_window,_rose_window,_west_facade,_Le%C3%B3n_Cathedral,_Spain.jpg",CC0,http://creativecommons.org/publicdomain/zero/1.0/deed.en,Joselodos
glass/glass_019.jpg,glass,https://commons.wikimedia.org/wiki/File:Steve_Jobs_building_at_Pixar.gk.jpg,CC BY-SA 3.0,https://creativecommons.org/licenses/by-sa/3.0,Grendelkhan
glass/glass_020.jpg,glass,https://commons.wikimedia.org/wiki/File:Dark_glass_facade_(Unsplash).jpg,CC0,http://creativecommons.org/publicdomain/zero/1.0/deed.en,Mike Wilson mkwlsn
glass/glass_021.jpg,glass,https://commons.wikimedia.org/wiki/File:Building_in_Paulista_Avenue_8.jpg,CC BY-SA 4.0,https://creativecommons.org/licenses/by-sa/4.0,Wilfredor
glass/glass_022.jpg,glass,https://commons.wikimedia.org/wiki/File:Glass_Facade_AURA_Recinto.tiff,CC BY 4.0,https://creativecommons.org/licenses/by/4.0,"Artist concept of AURA observatories in Chile, showing Cerro Tololo and Cerro Pachon under a night sky. Artwork is used as a large glass facade on the new AURA building at the Recinto in La Serena, Chile. The mural is printed on a see-through mesh material overlayed on the glass. Credit: NOIRLab/NSF/AURA/P. Marenfeld"
glass/glass_023.jpg,glass,https://commons.wikimedia.org/wiki/File:Glass_Facade_AURA_Recinto.jpg,CC BY 4.0,https://creativecommons.org/licenses/by/4.0,"Artist concept of AURA observatories in Chile, showing Cerro Tololo and Cerro Pachon under a night sky. Artwork is used as a large glass facade on the new AURA building at the Recinto in La Serena, Chile. The mural is printed on a see-through mesh material overlayed on the glass. Credit: NOIRLab/NSF/AURA/P. Marenfeld"
glass/glass_024.jpg,glass,https://commons.wikimedia.org/wiki/File:Glass_building_exterior_and_facade_at_Cornell_University.jpg,CC0,http://creativecommons.org/publicdomain/zero/1.0/deed.en,Tomwsulcer
glass/glass_025.jpg,glass,"https://commons.wikimedia.org/wiki/File:Solar_cells_mounted_on_the_glass_facade_of_Center_for_Photovoltaics_and_Renewable_Energies_(ZPV)_in_Berlin-Adlershof,_2025-09-25.jpeg",CC BY-SA 4.0,https://creativecommons.org/licenses/by-sa/4.0,Nylki
glass/glass_026.jpg,glass,"https://commons.wikimedia.org/wiki/File:M%C3%BCnster,_Westdeutsche_Lotterie_--_2018_--_0417.jpg",CC BY-SA 4.0,https://creativecommons.org/licenses/by-sa/4.0,Dietmar Rabich
glass/glass_027.jpg,glass,https://commons.wikimedia.org/wiki/File:Building_with_pointy_glass_facade_(18445604011).jpg,CC BY 2.0,https://creativecommons.org/licenses/by/2.0,Eric Fischer
glass/glass_028.jpg,glass,https://commons.wikimedia.org/wiki/File:HK_Wan_Chai_China_Resources_Building_glass_wall_facade_Oct-2012.JPG,CC BY-SA 3.0,https://creativecommons.org/licenses/by-sa/3.0,Powfreytmn
glass/glass_029.jpg,glass,https://commons.wikimedia.org/wiki/File:Glass_facade_-_American_Air_Museum_-_geograph.org.uk_-_769499.jpg,CC BY-SA 2.0,https://creativecommons.org/licenses/by-sa/2.0,Sebastian Ballard
glass/glass_030.jpg,glass,https://commons.wikimedia.org/wiki/File:Monumental_Glass_Doors_at_Library_of_Congress_John_Adams_Building.jpg,CC BY-SA 4.0,https://creativecommons.org/licenses/by-sa/4.0,Artschooled
glass/glass_031.jpg,glass,"https://commons.wikimedia.org/wiki/File:Elizabeth_Street_facade_of_the_Rural_Bank_Building,_Martin_Place,_published_in_Decoration_and_Glass_(1_January_1937).jpg",Public domain,,Unknown; published in Decoration and Glass journal (1 January 1937).
glass/glass_032.jpg,glass,"https://commons.wikimedia.org/wiki/File:Facade_reflections_in_the_glass_wall_of_the_modern_green_house,_called_the_Palmkas;_Amsterdam,_free_photo_by_Fons_Heijnsbroek,_October_2008.tif",CC0,http://creativecommons.org/publicdomain/zero/1.0/deed.en,Fons Heijnsbroek
glass/glass_033.jpg,glass,https://commons.wikimedia.org/wiki/File:Comecon_building_%E2%80%93_Western_facade.jpg,CC BY-SA 4.0,https://creativecommons.org/licenses/by-sa/4.0,Dmitry Ivanov.
glass/glass_034.jpg,glass,"https://commons.wikimedia.org/wiki/File:Christchurch_Art_Gallery,_Christchurch,_New_Zealand.jpg",CC BY-SA 4.0,https://creativecommons.org/licenses/by-sa/4.0,Michal Klajban
glass/glass_035.jpg,glass,"https://commons.wikimedia.org/wiki/File:M%C3%BCnster,_LVM_--_2017_--_6351-7.jpg",CC BY-SA 4.0,https://creativecommons.org/licenses/by-sa/4.0,Dietmar Rabich
glass/glass_036.jpg,glass,"https://commons.wikimedia.org/wiki/File:Photo_of_students_in_front_of_the_glass_facades_of_the_Conservatory_building_at_the_Oosterdokskade,_Amsterdam;_street_photography_in_free_images_%26_high_resolutions.tif",CC0,http://creativecommons.org/publicdomain/zero/1.0/deed.en,Fons Heijnsbroek
glass/glass_037.jpg,glass,https://commons.wikimedia.org/wiki/File:Glass_facade_edge_(Unsplash).jpg,CC0,http://creativecommons.org/publicdomain/zero/1.0/deed.en,Dmitrii Medvedev dmitriime2dev
glass/glass_038.jpg,glass,https://commons.wikimedia.org/wiki/File:Standard_Glass_%26_Paint_Company_Building.jpg,CC BY 4.0,https://creativecommons.org/licenses/by/4.0,McGhiever
glass/glass_039.jpg,glass,https://commons.wikimedia.org/wiki/File:The_renovated_originally_Gerrit_Rietveld_designed_1957_very_modern_glass_facade_building_along_the_Rhine_river_Arnhem_-_panoramio.jpg,CC BY 3.0,https://creativecommons.org/licenses/by/3.0,Henk Monster
glass/glass_040.jpg,glass,https://commons.wikimedia.org/wiki/File:HK_YTM_Yau_Ma_Tei_Nathan_Commercial_Building_glass_wall_view_405_Nathan_Road_%E4%B9%9D%E9%BE%8D%E6%94%BF%E5%BA%9C%E5%90%88%E7%BD%B2_Kowloon_Government_Offices_facade_Jan-2014.JPG,CC BY-SA 3.0,https://creativecommons.org/licenses/by-sa/3.0,Goarorelooam
glass/glass_041.jpg,glass,https://commons.wikimedia.org/wiki/File:00_2427_Reflections_in_the_facade_of_a_high-rise_building_-_Auckland.jpg,CC BY-SA 4.0,https://creativecommons.org/licenses/by-sa/4.0,W. Bulach
glass/glass_042.jpg,glass,https://commons.wikimedia.org/wiki/File:The_Glass_Box_-_geograph.org.uk_-_7496902.jpg,CC BY-SA 2.0,https://creativecommons.org/licenses/by-sa/2.0,terry
glass/glass_043.jpg,glass,"https://commons.wikimedia.org/wiki/File:2024_-_photo_of_tram_4_waiting_aside_the_clock_in_the_glass_facade_of_train_station_Rotterdam_Centraal_-_urban_street_photography_in_free_images_and_high_resolutions,_Dutch_photographer_Fons_Heijnsbroek,_The_Netherlands.tif",CC0,http://creativecommons.org/publicdomain/zero/1.0/deed.en,Fons Heijnsbroek
glass/glass_044.jpg,glass,https://commons.wikimedia.org/wiki/File:UN_Building_E_Glass_Facade.jpg,CC BY-SA 2.0,https://creativecommons.org/licenses/by-sa/2.0,Jannis Andrija Schnitzer
glass/glass_045.jpg,glass,https://commons.wikimedia.org/wiki/File:Terrace_%5E_Glass_Facade_-_panoramio.jpg,CC BY-SA 3.0,https://creativecommons.org/licenses/by-sa/3.0,Greg Gebhardt
glass/glass_046.jpg,glass,"https://commons.wikimedia.org/wiki/File:M%C3%BCnster,_LVM_--_2017_--_9343-7.jpg",CC BY-SA 4.0,https://creativecommons.org/licenses/by-sa/4.0,Dietmar Rabich
glass/glass_047.jpg,glass,https://commons.wikimedia.org/wiki/File:Glass-covered_facade_(Unsplash).jpg,CC0,http://creativecommons.org/publicdomain/zero/1.0/deed.en,Dmitri Popov dmpop
glass/glass_048.jpg,glass,"https://commons.wikimedia.org/wiki/File:Glass_block_window,_Bata_building_nr._21,_railing,_Zl%C3%ADn.JPG",CC BY-SA 3.0,https://creativecommons.org/licenses/by-sa/3.0,Mark Ahsmann
glass/glass_049.jpg,glass,"https://commons.wikimedia.org/wiki/File:Photo_of_students_and_youngsters_waiting_in_front_of_the_glass_facades_of_the_OBA_and_the_Conservatory_building_at_the_Oosterdokskade,_Amsterdam;_street_photography_in_free_images_%26_high_resolutions.tif",CC0,http://creativecommons.org/publicdomain/zero/1.0/deed.en,Fons Heijnsbroek
painted_render/painted_render_000.jpg,painted_render,"https://commons.wikimedia.org/wiki/File:Interior_view,_greenhouse,_north_wall_taken_from_the_ground._Stucco-painted_white-covered_the_interior_walls_in_order_to_seal-off_any_drafts_and_to_reflect_the_sunlight_entering_through_HALS_PA-1-B-17.tif",Public domain,,"Eliott, Joseph, creator"
painted_render/painted_render_001.jpg,painted_render,"https://commons.wikimedia.org/wiki/File:Wuppertal,_Dorotheenstr._32,_Nordwand,_Bild_2.jpg",CC BY-SA 4.0,https://creativecommons.org/licenses/by-sa/4.0,Im Fokus
painted_render/painted_render_002.jpg,painted_render,"https://commons.wikimedia.org/wiki/File:Wuppertal,_Dorotheenstr._32,_Nordwand.jpg",CC BY-SA 4.0,https://creativecommons.org/licenses/by-sa/4.0,Im Fokus
painted_render/painted_render_003.jpg,painted_render,"https://commons.wikimedia.org/wiki/File:Wuppertal,_Dorotheenstr._34_und_Nordwand_Nr._32.jpg",CC BY-SA 4.0,https://creativecommons.org/licenses/by-sa/4.0,Im Fokus
painted_render/painted_render_004.jpg,painted_render,https://commons.wikimedia.org/wiki/File:LawrenceScarpa_Cherokee_007780-2.jpg,CC BY-SA 3.0,https://creativecommons.org/licenses/by-sa/3.0,Calderoliver
painted_render/painted_render_005.jpg,painted_render,"https://commons.wikimedia.org/wiki/File:Gymnasium._Detail_of_wooden_trusses_connecting_to_east_wall._-_Jewish_Community_Center_of_San_Francisco,_3200_California_Street,_San_Francisco,_San_Francisco_County,_CA_HABS_CAL,38-SANFRA,204-37.tif",Public domain,,"Stamets, John
Related names:

Dinkelspiel, Lloyd W
Brown, Arthur
Hyman, Samuel Lightner
Appleton, A
BOLA Architecture + Planning, contractor
Maul, David, transmitter"
painted_render/painted_render_006.jpg,painted_render,"https://commons.wikimedia.org/wiki/File:Lobby._Elevation_view_of_west_wall_that_shows_arched_openings_along_hallway_and_centrally_located_skylight._-_Jewish_Community_Center_of_San_Francisco,_3200_California_Street_HABS_CAL,38-SANFRA,204-23.tif",Public domain,,"Stamets, John
Related names:

Dinkelspiel, Lloyd W
Brown, Arthur
Hyman, Samuel Lightner
Appleton, A
BOLA Architecture + Planning, contractor
Maul, David, transmitter"
painted_render/painted_render_007.jpg,painted_render,"https://commons.wikimedia.org/wiki/File:Detail_of_1933_mural,_titled_%22The_Wedding_Ceremony%22,_by_Bernard_Zakheim_beneath_stairs_on_west_wall_of_patio._-_Jewish_Community_Center_of_San_Francisco,_3200_HABS_CAL,38-SANFRA,204-18.tif",Public domain,,"Stamets, John
Related names:

Dinkelspiel, Lloyd W
Brown, Arthur
Hyman, Samuel Lightner
Appleton, A
BOLA Architecture + Planning, contractor
Maul, David, transmitter"
painted_render/painted_render_008.jpg,painted_render,"https://commons.wikimedia.org/wiki/File:Assembly_room._Oblique_view_of_east_wall_shows_all_four_windows_and_door._-_Jewish_Community_Center_of_San_Francisco,_3200_California_Street,_San_Francisco,_San_Francisco_HABS_CAL,38-SANFRA,204-30.tif",Public domain,,"Stamets, John
Related names:

Dinkelspiel, Lloyd W
Brown, Arthur
Hyman, Samuel Lightner
Appleton, A
BOLA Architecture + Planning, contractor
Maul, David, transmitter"
painted_render/painted_render_009.jpg,painted_render,"https://commons.wikimedia.org/wiki/File:Elevation_view_of_west_wall_of_patio_with_steps,_mural_and_windows_on_second_floor._-_Jewish_Community_Center_of_San_Francisco,_3200_California_Street,_San_Francisco,_San_HABS_CAL,38-SANFRA,204-15.tif",Public domain,,"Stamets, John
Related names:

Dinkelspiel, Lloyd W
Brown, Arthur
Hyman, Samuel Lightner
Appleton, A
BOLA Architecture + Planning, contractor
Maul, David, transmitter"
painted_render/painted_render_010.jpg,painted_render,"https://commons.wikimedia.org/wiki/File:Detail_of_tile_work_in_lobby._This_segment_is_approximately_in_the_center_of_the_south_wall_of_the_lobby,_also_seen_in_photo_CA-2724-24._-_Jewish_Community_Center_of_San_HABS_CAL,38-SANFRA,204-27.tif",Public domain,,"Stamets, John
Related names:

Dinkelspiel, Lloyd W
Brown, Arthur
Hyman, Samuel Lightner
Appleton, A
BOLA Architecture + Planning, contractor
Maul, David, transmitter"
painted_render/painted_render_011.jpg,painted_render,"https://commons.wikimedia.org/wiki/File:FRONT_SIDE_FACING_EAST._-_U.S._Naval_Air_Station,_Paint_Shop,_222_East_Avenue,_Pensacola,_Escambia_County,_FL_HABS_FL-490-2.tif",Public domain,,"Hughes, Karen
Related names:

Calloway, Deborah, transmitter"
painted_render/painted_render_012.jpg,painted_render,"https://commons.wikimedia.org/wiki/File:BACK_SIDE_FACING_WEST._-_U.S._Naval_Air_Station,_Paint_Shop,_222_East_Avenue,_Pensacola,_Escambia_County,_FL_HABS_FL-490-6.tif",Public domain,,"Hughes, Karen
Related names:

Calloway, Deborah, transmitter"
painted_render/painted_render_013.jpg,painted_render,"https://commons.wikimedia.org/wiki/File:DETAIL_OF_WINDOWS_ON_FRONT_SIDE_FACING_EAST._-_U.S._Naval_Air_Station,_Paint_Shop,_222_East_Avenue,_Pensacola,_Escambia_County,_FL_HABS_FL-490-8.tif",Public domain,,"Hughes, Karen
Related names:

Calloway, Deborah, transmitter"
painted_render/painted_render_014.jpg,painted_render,"https://commons.wikimedia.org/wiki/File:DETAIL_OF_MAIN_DOOR_ON_FRONT_SIDE_FACING_EAST._-_U.S._Naval_Air_Station,_Paint_Shop,_222_East_Avenue,_Pensacola,_Escambia_County,_FL_HABS_FL-490-9.tif",Public domain,,"Hughes, Karen
Related names:

Calloway, Deborah, transmitter"
painted_render/painted_render_015.jpg,painted_render,"https://commons.wikimedia.org/wiki/File:CONTEXTUAL_VIEW_FACING_EAST._-_U.S._Naval_Air_Station,_Paint_Shop,_222_East_Avenue,_Pensacola,_Escambia_County,_FL_HABS_FL-490-1.tif",Public domain,,"Hughes, Karen
Related names:

Calloway, Deborah, transmitter"
painted_render/painted_render_016.jpg,painted_render,"https://commons.wikimedia.org/wiki/File:Szent_Istv%C3%A1n_Platz_2,_Stuck,_2023_B%C3%A9k%C3%A9scsaba.jpg",CC BY-SA 3.0,https://creativecommons.org/licenses/by-sa/3.0,Globetrotter19
painted_render/painted_render_017.jpg,painted_render,"https://commons.wikimedia.org/wiki/File:Historic_American_Buildings_Survey_Lester_Jones,_Photographer_February_28,_1940_NORTH_ELEVATION_-_Lemee_House,_310_Jefferson_Street,_Natchitoches,_Natchitoches_Parish,_LA_HABS_LA,35-NATCH,6-2.tif",Public domain,,unknown
painted_render/painted_render_018.jpg,painted_render,"https://commons.wikimedia.org/wiki/File:Historic_American_Buildings_Survey_Lester_Jones,_Photographer_February_28,_1940_ATTIC_FRAMING_-_Lemee_House,_310_Jefferson_Street,_Natchitoches,_Natchitoches_Parish,_LA_HABS_LA,35-NATCH,6-9.tif",Public domain,,unknown
painted_render/painted_render_019.jpg,painted_render,"https://commons.wikimedia.org/wiki/File:Historic_American_Buildings_Survey_Lester_Jones,_Photographer_February_28,_1940_FIREPLACE,_CENTER_ROOM_-_Lemee_House,_310_Jefferson_Street,_Natchitoches,_Natchitoches_Parish,_LA_HABS_LA,35-NATCH,6-6.tif",Public domain,,Lester Jones
painted_render/painted_render_020.jpg,painted_render,https://commons.wikimedia.org/wiki/File:Arlington_House_-_E_facade_of_North_Slave_Quarters_-_2011.jpg,CC BY-SA 2.0,https://creativecommons.org/licenses/by-sa/2.0,Tim Evanson
painted_render/painted_render_021.jpg,painted_render,"https://commons.wikimedia.org/wiki/File:Historic_American_Buildings_Survey_Lester_Jones,_Photographer_February_28,_1940_CORNER_FIREPLACE,_SOUTH-EAST_ROOM_-_Lemee_House,_310_Jefferson_Street,_Natchitoches,_Natchitoches_HABS_LA,35-NATCH,6-5.tif",Public domain,,unknown
painted_render/painted_render_022.jpg,painted_render,"https://commons.wikimedia.org/wiki/File:Historic_American_Buildings_Survey_Lester_Jones,_Photographer_February_28,_1940_CORNER_FIREPLACE,_SOUTH-WEST_ROOM_-_Lemee_House,_310_Jefferson_Street,_Natchitoches,_Natchitoches_HABS_LA,35-NATCH,6-7.tif",Public domain,,unknown
painted_render/painted_render_023.jpg,painted_render,"https://commons.wikimedia.org/wiki/File:Historic_American_Buildings_Survey_Lester_Jones,_Photographer_February_28,_1940_ATTIC_-_LOOKING_NORTH_-_Lemee_House,_310_Jefferson_Street,_Natchitoches,_Natchitoches_Parish,_LA_HABS_LA,35-NATCH,6-8.tif",Public domain,,unknown
painted_render/painted_render_024.jpg,painted_render,"https://commons.wikimedia.org/wiki/File:Historic_American_Buildings_Survey_Lester_Jones,_Photographer_February_28,_1940_VIEW_FROM_SOUTHWEST_(REAR)_-_Lemee_House,_310_Jefferson_Street,_Natchitoches,_Natchitoches_Parish,_HABS_LA,35-NATCH,6-3.tif",Public domain,,unknown
painted_render/painted_render_025.jpg,painted_render,"https://commons.wikimedia.org/wiki/File:Historic_American_Buildings_Survey_Lester_Jones,_Photographer_February_28,_1940._VIEW_FROM_SOUTHEAST_-_Lemee_House,_310_Jefferson_Street,_Natchitoches,_Natchitoches_Parish,_LA_HABS_LA,35-NATCH,6-1.tif",Public domain,,unknown
painted_render/painted_render_026.jpg,painted_render,"https://commons.wikimedia.org/wiki/File:Historic_American_Buildings_Survey_Lester_Jones,_Photographer_February_28,_1940_CISTERN_DETAIL_AT_REAR_OF_HOUSE_-_Lemee_House,_310_Jefferson_Street,_Natchitoches,_Natchitoches_HABS_LA,35-NATCH,6-4.tif",Public domain,,Lester Jones
painted_render/painted_render_027.jpg,painted_render,https://commons.wikimedia.org/wiki/File:LawrenceScarpa_Cherokee_8268.jpg,CC BY-SA 3.0,https://creativecommons.org/licenses/by-sa/3.0,Calderoliver
painted_render/painted_render_028.jpg,painted_render,https://commons.wikimedia.org/wiki/File:Christopher_Wray_Lighting_Company_in_the_snow_(4252657748).jpg,CC BY 2.0,https://creativecommons.org/licenses/by/2.0,"Elliott Brown from Birmingham, United Kingdom"
painted_render/painted_render_029.jpg,painted_render,"https://commons.wikimedia.org/wiki/File:CEILING_DETAIL_-_John_Parke_House,_345_Main_Street,_Parkesburg,_Chester_County,_PA_HABS_PA,15-PARK,2-12.tif",Public domain,,"Related names:

Mader, Louis
Shiffer, Herbert
Goode, Ned, photographer
Morton, Marion, historian"
painted_render/painted_render_030.jpg,painted_render,"https://commons.wikimedia.org/wiki/File:EAST_COMMERCIAL_AVENUE_FACADE_OF_THE_MAHIE_BLOCK_SHOWING_THE_TWENTIETH_CENTURY_ALTERATIONS_-_Anaconda_Historic_District,_Mahie_Block,_124_East_Commercial_Avenue,_Anaconda,_Deer_HABS_MONT,12-ANAC,1-Q-2.tif",Public domain,,"Related names:

Evans, E X
Hawley, Monica E, transmitter
Hawley, Monica E, historian
Lowe, Jet, photographer"
painted_render/painted_render_031.jpg,painted_render,"https://commons.wikimedia.org/wiki/File:Perspective_view_looking_from_the_southeast_-_Lemee_House,_310_Jefferson_Street,_Natchitoches,_Natchitoches_Parish,_LA_HABS_LA,35-NATCH,6-10.tif",Public domain,,unknown
painted_render/painted_render_032.jpg,painted_render,"https://commons.wikimedia.org/wiki/File:Perspective_view_looking_from_the_northeast_-_Lemee_House,_310_Jefferson_Street,_Natchitoches,_Natchitoches_Parish,_LA_HABS_LA,35-NATCH,6-12.tif",Public domain,,unknown
painted_render/painted_render_033.jpg,painted_render,"https://commons.wikimedia.org/wiki/File:Elevation,_view_of_the_east_faand-231;ade,_with_scale_-_Lemee_House,_310_Jefferson_Street,_Natchitoches,_Natchitoches_Parish,_LA_HABS_LA,35-NATCH,6-11.tif",Public domain,,unknown
painted_render/painted_render_034.jpg,painted_render,"https://commons.wikimedia.org/wiki/File:90_Moseley_Road,_Highgate.jpg",CC BY 2.0,https://creativecommons.org/licenses/by/2.0,Elliott Brown
painted_render/painted_render_035.jpg,painted_render,"https://commons.wikimedia.org/wiki/File:Oblique_view_of_the_east_faand-231;ade_looking_from_the_northeast_-_Lemee_House,_310_Jefferson_Street,_Natchitoches,_Natchitoches_Parish,_LA_HABS_LA,35-NATCH,6-13.tif",Public domain,,Jack Rosenthal
painted_render/painted_render_036.jpg,painted_render,https://commons.wikimedia.org/wiki/File:Grand_Hotel_from_Colmore_Row_-_Porch_(5137140037).jpg,CC BY 2.0,https://creativecommons.org/licenses/by/2.0,"Elliott Brown from Birmingham, United Kingdom"
painted_render/painted_render_037.jpg,painted_render,"https://commons.wikimedia.org/wiki/File:Drawing,_Rendering_of_the_Grand_Gallery_of_Honor,_Palazzo_Paz,_Buenos_Aires,_Argentina,_ca._1890_(CH_18696055).jpg",Public domain,,Unknown artistUnknown artist
painted_render/painted_render_038.jpg,painted_render,https://commons.wikimedia.org/wiki/File:Detail_of_the_domes_-_St._Michaels_Golden-Domed_Monastery_(8600670465).jpg,CC BY 2.0,https://creativecommons.org/licenses/by/2.0,Jorge Láscar from Australia
painted_render/painted_render_039.jpg,painted_render,https://commons.wikimedia.org/wiki/File:Great_Temple_Petra_Collapsed_Columns_Jordan1243.jpg,CC BY-SA 3.0,https://creativecommons.org/licenses/by-sa/3.0,Michael Gunther
painted_render/painted_render_040.jpg,painted_render,"https://commons.wikimedia.org/wiki/File:George_Memhard_Residence,_Gorham_Street_and_Pinckney_Street,_Mansion_Hill,_Madison,_WI.jpg",CC BY-SA 2.0,https://creativecommons.org/licenses/by-sa/2.0,w_lemay
painted_render/painted_render_041.jpg,painted_render,"https://commons.wikimedia.org/wiki/File:George_Memhard_Residence,_Gorham_Street_and_Pinckney_Street,_Mansion_Hill,_Madison,_WI_-_crop.jpg",CC BY 2.0,https://creativecommons.org/licenses/by/2.0,"George Memhard Residence, Gorham Street and Pinckney Street, Mansion Hill, Madison, WI.jpg: w_lemay
derivative work: James Steakley"
painted_render/painted_render_042.jpg,painted_render,"https://commons.wikimedia.org/wiki/File:Broadway_Road_and_Kachina_Drive,_Tempe,_AZ.jpg",CC BY-SA 2.0,https://creativecommons.org/licenses/by-sa/2.0,w_lemay
painted_render/painted_render_043.jpg,painted_render,"https://commons.wikimedia.org/wiki/File:Broadway_Road_and_Kachina_Drive,_Tempe,_AZ_-_54437964099.jpg",CC BY-SA 2.0,https://creativecommons.org/licenses/by-sa/2.0,w_lemay
painted_render/painted_render_044.jpg,painted_render,"https://commons.wikimedia.org/wiki/File:Broadway_Road_and_Kachina_Drive,_Tempe,_AZ_-_54438142125.jpg",CC BY-SA 2.0,https://creativecommons.org/licenses/by-sa/2.0,w_lemay
painted_render/painted_render_045.jpg,painted_render,"https://commons.wikimedia.org/wiki/File:Market_Street,_Bethlehem,_PA_(52422010923).jpg",CC BY-SA 2.0,https://creativecommons.org/licenses/by-sa/2.0,"Warren LeMay from Chicago, IL, United States"
painted_render/painted_render_046.jpg,painted_render,"https://commons.wikimedia.org/wiki/File:Market_Street,_Bethlehem,_PA_(52421497946).jpg",CC BY-SA 2.0,https://creativecommons.org/licenses/by-sa/2.0,"Warren LeMay from Chicago, IL, United States"
painted_render/painted_render_047.jpg,painted_render,"https://commons.wikimedia.org/wiki/File:Market_Street,_Bethlehem,_PA_(52421782649).jpg",CC BY-SA 2.0,https://creativecommons.org/licenses/by-sa/2.0,"Warren LeMay from Chicago, IL, United States"
painted_render/painted_render_048.jpg,painted_render,"https://commons.wikimedia.org/wiki/File:Market_Street,_Bethlehem,_PA_(52421782279).jpg",CC BY-SA 2.0,https://creativecommons.org/licenses/by-sa/2.0,"Warren LeMay from Chicago, IL, United States"
painted_render/painted_render_049.jpg,painted_render,"https://commons.wikimedia.org/wiki/File:Merrimon_Avenue,_Asheville,_NC_-_53413436352.jpg",CC BY-SA 2.0,https://creativecommons.org/licenses/by-sa/2.0,w_lemay
exposed_concrete/exposed_concrete_000.jpg,exposed_concrete,https://commons.wikimedia.org/wiki/File:FOT9558_Haltepunkt_Leipzig_Anger-Crottendorf_2024_%E2%80%93_Sichtbeton_im_Treppenaufgang_S%C3%BCd.jpg,CC BY-SA 4.0,https://creativecommons.org/licenses/by-sa/4.0,August Geyler
exposed_concrete/exposed_concrete_001.jpg,exposed_concrete,https://commons.wikimedia.org/wiki/File:FOT9514_Haltepunkt_Leipzig_Anger-Crottendorf_2024_%E2%80%93_Treppenaufgang_S%C3%BCd.jpg,CC BY-SA 4.0,https://creativecommons.org/licenses/by-sa/4.0,August Geyler
exposed_concrete/exposed_concrete_002.jpg,exposed_concrete,https://commons.wikimedia.org/wiki/File:FOT9562_Haltepunkt_Leipzig_Anger-Crottendorf_2024_%E2%80%93_Personentunnel_zum_Treppenaufgang_S%C3%BCd.jpg,CC BY-SA 4.0,https://creativecommons.org/licenses/by-sa/4.0,August Geyler
exposed_concrete/exposed_concrete_003.jpg,exposed_concrete,https://commons.wikimedia.org/wiki/File:Belgique_-_Louvain-la-Neuve_-_Place_des_Sciences_-_29.jpg,CC BY 4.0,https://creativecommons.org/licenses/by/4.0,EmDee
exposed_concrete/exposed_concrete_004.jpg,exposed_concrete,https://commons.wikimedia.org/wiki/File:FOT9561_Haltepunkt_Leipzig_Anger-Crottendorf_2024_%E2%80%93_Personentunnel_zum_Treppenaufgang_S%C3%BCd.jpg,CC BY-SA 4.0,https://creativecommons.org/licenses/by-sa/4.0,August Geyler
exposed_concrete/exposed_concrete_005.jpg,exposed_concrete,https://commons.wikimedia.org/wiki/File:FOT9519_Haltepunkt_Leipzig_Anger-Crottendorf_2024_%E2%80%93_Treppenaufgang_S%C3%BCd.jpg,CC BY-SA 4.0,https://creativecommons.org/licenses/by-sa/4.0,August Geyler
exposed_concrete/exposed_concrete_006.jpg,exposed_concrete,https://commons.wikimedia.org/wiki/File:B%C3%A9ton_Brut.jpg,CC BY-SA 4.0,https://creativecommons.org/licenses/by-sa/4.0,Piotr Szotkowski
exposed_concrete/exposed_concrete_007.jpg,exposed_concrete,https://commons.wikimedia.org/wiki/File:EL082_Elgg_MaxVogt_20240504_190045.jpg,CC BY-SA 4.0,https://creativecommons.org/licenses/by-sa/4.0,Zwantzig
exposed_concrete/exposed_concrete_008.jpg,exposed_concrete,https://commons.wikimedia.org/wiki/File:20110923_Romo_0260_Sol_Sort_DSCN2889_PtrQs.jpg,CC BY-SA 4.0,https://creativecommons.org/licenses/by-sa/4.0,PtrQs
exposed_concrete/exposed_concrete_009.jpg,exposed_concrete,"https://commons.wikimedia.org/wiki/File:202601_Naluwan_Cultural_Village_,_Hsinchu_City_02.jpg",CC BY-SA 4.0,https://creativecommons.org/licenses/by-sa/4.0,Junyu-K
exposed_concrete/exposed_concrete_010.jpg,exposed_concrete,https://commons.wikimedia.org/wiki/File:Hahn_Detail_20250706_171023.jpg,CC BY-SA 4.0,https://creativecommons.org/licenses/by-sa/4.0,Zwantzig
exposed_concrete/exposed_concrete_011.jpg,exposed_concrete,https://commons.wikimedia.org/wiki/File:Hahn_Detail_20250706_170621.jpg,CC BY-SA 4.0,https://creativecommons.org/licenses/by-sa/4.0,Zwantzig
exposed_concrete/exposed_concrete_012.jpg,exposed_concrete,https://commons.wikimedia.org/wiki/File:Hahn_Detail_20250706_170628.jpg,CC BY-SA 4.0,https://creativecommons.org/licenses/by-sa/4.0,Zwantzig
exposed_concrete/exposed_concrete_013.jpg,exposed_concrete,https://commons.wikimedia.org/wiki/File:Ludwigsburg_-_O%C3%9Fweil_-_Ostfriedhof_-_Aussegnungshalle_-_Verbindungsmauer_-_Mittelteil_mit_Efeuranken_(RQCE2392).jpg,CC BY-SA 4.0,https://creativecommons.org/licenses/by-sa/4.0,Roman Eisele
exposed_concrete/exposed_concrete_014.jpg,exposed_concrete,https://commons.wikimedia.org/wiki/File:Ludwigsburg_-_O%C3%9Fweil_-_Ostfriedhof_-_Aussegnungshalle_-_Verbindungsmauer_-_Betonrelief_(RQCE2377).jpg,CC BY-SA 4.0,https://creativecommons.org/licenses/by-sa/4.0,Roman Eisele
exposed_concrete/exposed_concrete_015.jpg,exposed_concrete,https://commons.wikimedia.org/wiki/File:MGH_Kon-ya-machi_Daimy%C5%8D_Bldg_the_b%C3%A9ton_brut_Daimy%C5%8D_1-ch%C5%8Dme_Ch%C5%AB%C5%8D-ku_Fukuoka_20250619.jpg,CC BY-SA 4.0,https://creativecommons.org/licenses/by-sa/4.0,Hirho
exposed_concrete/exposed_concrete_016.jpg,exposed_concrete,https://commons.wikimedia.org/wiki/File:Ludwigsburg_-_O%C3%9Fweil_-_Ostfriedhof_-_Aussegnungshalle_-_Verbindungsmauer_-_Betonrelief_(RQCE2374).jpg,CC BY-SA 4.0,https://creativecommons.org/licenses/by-sa/4.0,Roman Eisele
exposed_concrete/exposed_concrete_017.jpg,exposed_concrete,"https://commons.wikimedia.org/wiki/File:202601_Naluwan_Cultural_Village_,_Hsinchu_City_03.jpg",CC BY-SA 4.0,https://creativecommons.org/licenses/by-sa/4.0,Junyu-K
exposed_concrete/exposed_concrete_018.jpg,exposed_concrete,https://commons.wikimedia.org/wiki/File:Hahn_Detail_20250706_170513.jpg,CC BY-SA 4.0,https://creativecommons.org/licenses/by-sa/4.0,Zwantzig
exposed_concrete/exposed_concrete_019.jpg,exposed_concrete,"https://commons.wikimedia.org/wiki/File:202601_Naluwan_Cultural_Village_,_Hsinchu_City_01.jpg",CC BY-SA 4.0,https://creativecommons.org/licenses/by-sa/4.0,Junyu-K
exposed_concrete/exposed_concrete_020.jpg,exposed_concrete,https://commons.wikimedia.org/wiki/File:202601_Tamkang_Church_Tamhai_sanctuary.jpg,CC BY-SA 4.0,https://creativecommons.org/licenses/by-sa/4.0,Junyu-K
exposed_concrete/exposed_concrete_021.jpg,exposed_concrete,https://commons.wikimedia.org/wiki/File:Ludwigsburg_-_O%C3%9Fweil_-_Ostfriedhof_-_Aussegnungshalle_-_Verbindungsmauer_-_Wellenstruktur_und_Kiesel_(RQCE2382-B).jpg,CC BY-SA 4.0,https://creativecommons.org/licenses/by-sa/4.0,Roman Eisele
exposed_concrete/exposed_concrete_022.jpg,exposed_concrete,https://commons.wikimedia.org/wiki/File:Ludwigsburg_-_O%C3%9Fweil_-_Ostfriedhof_-_Aussegnungshalle_-_Verbindungsmauer_-_Wellenstruktur_und_Kiesel_(RQCE2382-C).jpg,CC BY-SA 4.0,https://creativecommons.org/licenses/by-sa/4.0,Roman Eisele
exposed_concrete/exposed_concrete_023.jpg,exposed_concrete,https://commons.wikimedia.org/wiki/File:MGH_Kon-ya-machi_Daimy%C5%8D_Bldg_the_b%C3%A9ton_brut_Daimy%C5%8D_1-ch%C5%8Dme_Ch%C5%AB%C5%8D-ku_Fukuoka_20250619_163442.jpg,CC BY-SA 4.0,https://creativecommons.org/licenses/by-sa/4.0,Hirho
exposed_concrete/exposed_concrete_024.jpg,exposed_concrete,https://commons.wikimedia.org/wiki/File:Hahn_Detail_20250706_170642.jpg,CC BY-SA 4.0,https://creativecommons.org/licenses/by-sa/4.0,Zwantzig
exposed_concrete/exposed_concrete_025.jpg,exposed_concrete,https://commons.wikimedia.org/wiki/File:Dornbirn-Forachstra%C3%9Fe_74-Rosa_canina-sundial-02ESD.jpg,CC BY-SA 4.0,https://creativecommons.org/licenses/by-sa/4.0,Asurnipal
exposed_concrete/exposed_concrete_026.jpg,exposed_concrete,https://commons.wikimedia.org/wiki/File:20110927_Romo_%C3%9F260_Sol_Sort_DSCN3096_DSCN3097_PtrQs.jpg,CC BY-SA 4.0,https://creativecommons.org/licenses/by-sa/4.0,PtrQs
exposed_concrete/exposed_concrete_027.jpg,exposed_concrete,https://commons.wikimedia.org/wiki/File:Hahn_Detail_20250706_171107.jpg,CC BY-SA 4.0,https://creativecommons.org/licenses/by-sa/4.0,Zwantzig
exposed_concrete/exposed_concrete_028.jpg,exposed_concrete,https://commons.wikimedia.org/wiki/File:Charles_Wilson_Building_b%C3%A9ton_brut.jpg,CC BY-SA 3.0,https://creativecommons.org/licenses/by-sa/3.0,NotFromUtrecht
exposed_concrete/exposed_concrete_029.jpg,exposed_concrete,"https://commons.wikimedia.org/wiki/File:Bremerhaven,_B%C3%BCrgermeister-Smidt-Stra%C3%9Fe,_C%26A,_Detail.jpg",CC BY-SA 4.0,https://creativecommons.org/licenses/by-sa/4.0,Carl Ha
exposed_concrete/exposed_concrete_030.jpg,exposed_concrete,https://commons.wikimedia.org/wiki/File:Panoramic_VEK_Elevator_in_Beton_Brut_Hotel_(Anapa).jpg,CC BY-SA 4.0,https://creativecommons.org/licenses/by-sa/4.0,"ООО ТД ""Век"""
exposed_concrete/exposed_concrete_031.jpg,exposed_concrete,https://commons.wikimedia.org/wiki/File:Interior_of_Panoramic_VEK_Elevator_in_Beton_Brut_Hotel_(Anapa).jpg,CC BY-SA 4.0,https://creativecommons.org/licenses/by-sa/4.0,"ООО ТД ""Век"""
exposed_concrete/exposed_concrete_032.jpg,exposed_concrete,https://commons.wikimedia.org/wiki/File:Panoramic_VEK_Elevator_shafts_in_Beton_Brut_Hotel_(Anapa).jpg,CC BY-SA 4.0,https://creativecommons.org/licenses/by-sa/4.0,"ООО ТД ""Век"""
exposed_concrete/exposed_concrete_033.jpg,exposed_concrete,https://commons.wikimedia.org/wiki/File:%C3%89glise_du_Saint_Esprit_Paris_int%C3%A9rieur_avec_b%C3%A9ton_brut.jpg,CC BY-SA 4.0,https://creativecommons.org/licenses/by-sa/4.0,Dr Dobeaucoup
exposed_concrete/exposed_concrete_034.jpg,exposed_concrete,https://commons.wikimedia.org/wiki/File:Overspeed_governor_of_Panoramic_VEK_Elevator_in_Beton_Brut_Hotel_(Anapa).jpg,CC BY-SA 4.0,https://creativecommons.org/licenses/by-sa/4.0,"ООО ТД ""Век"""
exposed_concrete/exposed_concrete_035.jpg,exposed_concrete,https://commons.wikimedia.org/wiki/File:Paradise_Place_Raw_Concrete.jpg,CC BY-SA 4.0,https://creativecommons.org/licenses/by-sa/4.0,Bs0u10e01
exposed_concrete/exposed_concrete_036.jpg,exposed_concrete,"https://commons.wikimedia.org/wiki/File:Museum,_St._Gallen_(1Y7A2318).jpg",CC BY-SA 4.0,https://creativecommons.org/licenses/by-sa/4.0,Matti Blume
exposed_concrete/exposed_concrete_037.jpg,exposed_concrete,https://commons.wikimedia.org/wiki/File:P%C3%B6rtschach_10.-Oktober-Stra%C3%9Fe_27_Telekommunikationsgeb%C3%A4ude_Sichtbeton_30012022_2068.jpg,CC BY-SA 4.0,https://creativecommons.org/licenses/by-sa/4.0,Johann Jaritz
exposed_concrete/exposed_concrete_038.jpg,exposed_concrete,https://commons.wikimedia.org/wiki/File:Vitoria_-_Adurza_-_Iturritxu_-BT-_03.jpg,CC BY-SA 4.0,https://creativecommons.org/licenses/by-sa/4.0,Basotxerri
exposed_concrete/exposed_concrete_039.jpg,exposed_concrete,https://commons.wikimedia.org/wiki/File:Rauman_vesitorni_4.jpg,CC BY-SA 3.0,https://creativecommons.org/licenses/by-sa/3.0,kallerna
exposed_concrete/exposed_concrete_040.jpg,exposed_concrete,https://commons.wikimedia.org/wiki/File:P%C3%B6rtschach_10.-Oktober-Stra%C3%9Fe_27_Telekommunikationsgeb%C3%A4ude_Sichtbeton_30012022_2069.jpg,CC BY-SA 4.0,https://creativecommons.org/licenses/by-sa/4.0,Johann Jaritz
exposed_concrete/exposed_concrete_041.jpg,exposed_concrete,"https://commons.wikimedia.org/wiki/File:Messe_Friedrichshafen,_Friedrichshafen_(OW1A0319).jpg",CC BY-SA 4.0,https://creativecommons.org/licenses/by-sa/4.0,Matti Blume
exposed_concrete/exposed_concrete_042.jpg,exposed_concrete,https://commons.wikimedia.org/wiki/File:University_Park_MMB_E4_Tower_Building.jpg,CC BY-SA 3.0,https://creativecommons.org/licenses/by-sa/3.0,mattbuck (category)
exposed_concrete/exposed_concrete_043.jpg,exposed_concrete,"https://commons.wikimedia.org/wiki/File:Bauhaus_Museum_Weimar,_Neubau_2018,_Sichtbeton_Fassade_-_Musterfl%C3%A4chen_nah,_1._und_2._von_links.jpg",CC BY-SA 4.0,https://creativecommons.org/licenses/by-sa/4.0,KaiKemmann
exposed_concrete/exposed_concrete_044.jpg,exposed_concrete,"https://commons.wikimedia.org/wiki/File:Bauhaus_Museum_Weimar,_Neubau_2018,_Sichtbeton_Fassade_-_Musterfl%C3%A4chen,_im_rechten_Teil_wurde_die_Oberfl%C3%A4che_abgetragen.jpg",CC BY-SA 4.0,https://creativecommons.org/licenses/by-sa/4.0,KaiKemmann
exposed_concrete/exposed_concrete_045.jpg,exposed_concrete,"https://commons.wikimedia.org/wiki/File:Bauhaus_Museum_Weimar,_Neubau_2018,_Sichtbeton_Fassade_-_Musterfl%C3%A4chen_nah,_5._und_6._von_links.jpg",CC BY-SA 4.0,https://creativecommons.org/licenses/by-sa/4.0,KaiKemmann
exposed_concrete/exposed_concrete_046.jpg,exposed_concrete,"https://commons.wikimedia.org/wiki/File:Bauhaus_Museum_Weimar,_Neubau_2018,_Sichtbeton_Fassade_-_Musterfl%C3%A4chen_nah,_3._und_4._von_links.jpg",CC BY-SA 4.0,https://creativecommons.org/licenses/by-sa/4.0,KaiKemmann
exposed_concrete/exposed_concrete_047.jpg,exposed_concrete,"https://commons.wikimedia.org/wiki/File:Bauhaus_Museum_Weimar,_Neubau_2018,_Sichtbeton_Fassade_-_Musterfl%C3%A4chen,_1._und_2._von_links.jpg",CC BY-SA 4.0,https://creativecommons.org/licenses/by-sa/4.0,KaiKemmann
exposed_concrete/exposed_concrete_048.jpg,exposed_concrete,"https://commons.wikimedia.org/wiki/File:Bauhaus_Museum_Weimar,_Neubau_2018,_Sichtbeton_Fassade_-_Musterfl%C3%A4chen,_5._und_6._von_links.jpg",CC BY-SA 4.0,https://creativecommons.org/licenses/by-sa/4.0,KaiKemmann
exposed_concrete/exposed_concrete_049.jpg,exposed_concrete,"https://commons.wikimedia.org/wiki/File:Bauhaus_Museum_Weimar,_Neubau_2018,_Sichtbeton_Fassade_-_Musterfl%C3%A4chen,_glatt.jpg",CC BY-SA 4.0,https://creativecommons.org/licenses/by-sa/4.0,KaiKemmann
brick/brick_000.jpg,brick,"https://commons.wikimedia.org/wiki/File:Common_hop_on_former_factory_wall,_Ursus_(Warsaw),_2024-07-20.jpg",CC BY-SA 4.0,https://creativecommons.org/licenses/by-sa/4.0,Radomianin
brick/brick_001.jpg,brick,https://commons.wikimedia.org/wiki/File:Ouled_El_Hadef_Brick_facade.jpg,CC BY-SA 4.0,https://creativecommons.org/licenses/by-sa/4.0,Rawen Abbassi
brick/brick_002.jpg,brick,"https://commons.wikimedia.org/wiki/File:Stone_sculpture_relief_in_a_brick_wall;_city_Amsterdam_-_free_photo,_Fons_Heijnsbroek.jpg",CC0,http://creativecommons.org/publicdomain/zero/1.0/deed.en,Fons Heijnsbroek
brick/brick_003.jpg,brick,"https://commons.wikimedia.org/wiki/File:Photo_of_renovation_workers_in_the_Sarphatistraat,_Amsterdam_-_a_brick_old_facade_wall_is_temporary_supported_by_metal_support_beams_-_construction_sites_in_The_Netherlands_in_free_download_photo_in_high_resolution.jpg",CC0,http://creativecommons.org/publicdomain/zero/1.0/deed.en,Fons Heijnsbroek
brick/brick_004.jpg,brick,"https://commons.wikimedia.org/wiki/File:View_over_the_water_of_the_old_canal_Oudezijds_Achterburgwal_in_Amsterdam_downtown._At_the_left_the_brick_building_wall_of_a_former_inn,_called_Vredenburg._Free_photo_by_Fons_Heijnsbroek,_April_2022.tif",CC BY 4.0,https://creativecommons.org/licenses/by/4.0,Fons Heijnsbroek
brick/brick_005.jpg,brick,"https://commons.wikimedia.org/wiki/File:A_close-up_of_flowering_flora_and_creepers_on_the_brick_wall_of_the_former_warehouse;_Amsterdam,_2013.jpg",CC BY-SA 3.0,https://creativecommons.org/licenses/by-sa/3.0,Fons Heijnsbroek
brick/brick_006.jpg,brick,https://commons.wikimedia.org/wiki/File:Scarred_Brick_Facade.jpg,CC BY-SA 2.0,https://creativecommons.org/licenses/by-sa/2.0,Eric Kilby
brick/brick_007.jpg,brick,"https://commons.wikimedia.org/wiki/File:Walking_woman_passes_the_entrance_and_facade_of_the_former_brick_building_named_Scheepvaarthuis,_since_c._2010_the_location_of_Hotel_Ammrath;_free_photo_Amsterdam_architecture_by_Fons_Heijnsbroek,_2020.tif",CC0,http://creativecommons.org/publicdomain/zero/1.0/deed.en,Fons Heijnsbroek
brick/brick_008.jpg,brick,"https://commons.wikimedia.org/wiki/File:Biking_woman_in_front_of_the_red_brick_facade_of_the_city_theatre_building_at_the_square_Leidseplein;_free_photo_Amsterdam_by_Fons_Heijnsbroek,_Summer_2022.tif",CC0,http://creativecommons.org/publicdomain/zero/1.0/deed.en,Fons Heijnsbroek
brick/brick_009.jpg,brick,"https://commons.wikimedia.org/wiki/File:Sunlight_and_shadows_of_a_tiny_tree_in_Fall_on_a_brick_wall_of_Entrepotdok-buildings,_Amsterdam_city,_along_the_canal_Entrepotdok;_on_the_border_of_the_old_city_center_of_Amsterdam;_urban_photography,_Fons_Heijnsbroek_2013_(11132531654).jpg",CC0,http://creativecommons.org/publicdomain/zero/1.0/deed.en,"Fons Heijnsbroek from Amsterdam, Netherlands"
brick/brick_010.jpg,brick,https://commons.wikimedia.org/wiki/File:Brick-lined_alley_and_back_facade_-_Mueller_Electric_Company_Building.jpg,CC BY-SA 2.0,https://creativecommons.org/licenses/by-sa/2.0,Tim Evanson
brick/brick_011.jpg,brick,https://commons.wikimedia.org/wiki/File:HK_Western_District_Community_Centre_Third_Street_n_Western_Street_Brick_building_Sunday.JPG,CC BY-SA 3.0,http://creativecommons.org/licenses/by-sa/3.0/,WSTPolls
brick/brick_012.jpg,brick,"https://commons.wikimedia.org/wiki/File:DETAIL,_BRICK_ORNAMENTATION,_WEST_WALL,_SOUTHWEST_CORNER_-_Indianapolis_News_Mechanical_Building,_30_West_Court_Street,_Indianapolis,_Marion_County,_IN_HABS_IND,49-IND,36-4.tif",Public domain,,unknown
brick/brick_013.jpg,brick,"https://commons.wikimedia.org/wiki/File:Bricks_on_the_facade_of_an_apartment_building_at_the_intersection_of_Bulevardul_Dacia_and_Strada_Icoanei,_Bucharest,_Romania.jpg",CC BY-SA 4.0,https://creativecommons.org/licenses/by-sa/4.0,Neoclassicism Enthusiast
brick/brick_014.jpg,brick,https://commons.wikimedia.org/wiki/File:Bilbao_-_Edificio_Bami_-_ETB_01.jpg,CC BY-SA 4.0,https://creativecommons.org/licenses/by-sa/4.0,Basotxerri
brick/brick_015.jpg,brick,"https://commons.wikimedia.org/wiki/File:Brick_facade_with_slit_windows,_Quebec_City.jpg",CC0,http://creativecommons.org/publicdomain/zero/1.0/deed.en,Wilfredor
brick/brick_016.jpg,brick,"https://commons.wikimedia.org/wiki/File:Lopatina_House,_fragment_of_facade,_tile_panel_1.jpg",CC BY-SA 4.0,https://creativecommons.org/licenses/by-sa/4.0,Dmitry Ivanov.
brick/brick_017.jpg,brick,"https://commons.wikimedia.org/wiki/File:Lopatina_House,_fragment_of_facade,_tile_panel_2.jpg",CC BY-SA 4.0,https://creativecommons.org/licenses/by-sa/4.0,Dmitry Ivanov.
brick/brick_018.jpg,brick,"https://commons.wikimedia.org/wiki/File:Reformed_Elementary_School,_glass_brick_decorated_facade,_2019_Veresegyh%C3%A1z.jpg",CC BY-SA 3.0,https://creativecommons.org/licenses/by-sa/3.0,Globetrotter19
brick/brick_019.jpg,brick,"https://commons.wikimedia.org/wiki/File:Butte_Fire_Hall_(17-19_West_Quartz,_ca_1900)_is_a_two_story_brick_bearing_wall_structure;_the_photograph_shows_the_north_facade._The_south_facade_has_a_partial_cast-iron_HAER_MONT,47-BUT,1-65.tif",Public domain,,"Related names:

Gilbert, Cass; Patterson, H M; Owsley, William; Kees, Frederick; Heinze, F Augustus; Link and Haire; Shanley, George H; George Steele Company; Wah Chong Tai Company; Butte Water Company; Montana Independent Telephone Company; Bertoglio Storage and Appliance Company; Butte Floral Company; Jacobs, Henry; Amalgamated Copper Mining Company; Hirbour, Emanuel; Anaconda Copper Mining Company; Hawley, Monica E, transmitter; Lowe, Jet, photographer; Hill, Isabel, historian"
brick/brick_020.jpg,brick,https://commons.wikimedia.org/wiki/File:Montdidier_Caisse_d%27Epargne_(fa%C3%A7ade_Nord)_1.jpg,CC BY-SA 3.0,https://creativecommons.org/licenses/by-sa/3.0,Markus3 (Marc ROUSSEL)
brick/brick_021.jpg,brick,https://commons.wikimedia.org/wiki/File:Mauerziegel_001_2020_01_21.jpg,CC BY-SA 4.0,https://creativecommons.org/licenses/by-sa/4.0,Friedrich Haag
brick/brick_022.jpg,brick,"https://commons.wikimedia.org/wiki/File:Wall_Street,_Stockade_Historic_District,_Kingston,_New_York_-_20200907_-_02_(Winne_and_Winchell_Building).jpg",CC BY-SA 4.0,https://creativecommons.org/licenses/by-sa/4.0,Andre Carrotflower
brick/brick_023.jpg,brick,"https://commons.wikimedia.org/wiki/File:LOOKING_EAST,_BRICK_WALL_VENEER_AND_PART_OF_ENTRANCE_FACADE_IN_PLACE,_February_29,_1928_-_Loew%27s_Theatre,_625_South_Fourth_Street,_Louisville,_Jefferson_County,_KY_HABS_KY,56-LOUVI,17-18.tif",Public domain,,unknown
brick/brick_024.jpg,brick,"https://commons.wikimedia.org/wiki/File:OBLIQUE_PERSPECTIVE_OF_EASTERN_FACADE_OF_UNITY_PLANT_SHOWING_LANDSCAPING_AND_HILL._NOTE_THE_CORBELED_BRICK_SUPPORT_FOR_THE_FIRE_WALL_BETWEEN_SECTIONS_OF_THE_MILL._-_Unity_HAER_GA,143-LAGR,40-3.tif",Public domain,,unknown
brick/brick_025.jpg,brick,"https://commons.wikimedia.org/wiki/File:OVERALL_VIEW_OF_THE_SOUTHEAST_FACADE._THE_BRICK_MASONRY_WALLS_ARE_LAID_IN_COMMON_BOND_WITH_A_BRICK_DETAIL_SURROUNDING_THE_FLAT_ARCHED_WOODEN_DOORS._THE_SYMMETRICAL_PLACEMENT_HABS_CAL,38-SANFRA,175-4.tif",Public domain,,unknown
brick/brick_026.jpg,brick,"https://commons.wikimedia.org/wiki/File:The_old_canal_quay_of_Grimburgwal_was_collapsed_in_Fall_2020;_the_brick_buildings_did_not_have_any_harm,_happily._It_was_a_big_warning_for_Amsterdam,_the_canal_city_of_North_Europe._Free_photo_old_Amsterdam_by_Fons_Heijnsbroek,_2020.tif",CC0,http://creativecommons.org/publicdomain/zero/1.0/deed.en,Fons Heijnsbroek
brick/brick_027.jpg,brick,"https://commons.wikimedia.org/wiki/File:Old_brick_entrance_gate_of_the_historical_Botanical_garden_of_Amsterdam;_free_photo_Amsterdam,_Fons_Heijnsbroek_October_2008.jpg",CC0,http://creativecommons.org/publicdomain/zero/1.0/deed.en,Fons Heijnsbroek
brick/brick_028.jpg,brick,https://commons.wikimedia.org/wiki/File:Daisy_BB_gun_factory_wall_Plymouth_Michigan.JPG,CC BY 3.0,https://creativecommons.org/licenses/by/3.0,Dwight Burdette
brick/brick_029.jpg,brick,"https://commons.wikimedia.org/wiki/File:A_photo_of_former_diamond_polishing_factory-buildings_on_the_campus_Roeterseiland,_Amsterdam;_high_resolution_image_by_FotoDutch_in_June_2013.jpg",CC0,http://creativecommons.org/publicdomain/zero/1.0/deed.en,Fons Heijnsbroek
brick/brick_030.jpg,brick,https://commons.wikimedia.org/wiki/File:English_bond_in_the_wall_outside_the_Garda%C3%AD_station_in_Kilkenny.jpg,CC BY-SA 4.0,https://creativecommons.org/licenses/by-sa/4.0,A.-K. D.
brick/brick_031.jpg,brick,"https://commons.wikimedia.org/wiki/File:Portion_of_a_one_story_brick_building_dating_from_the_1930s._It_has_five_separate_storefronts,_stone_window_sills,_and_a_string_course._The_Main_Street_facade_(not_shown)_has_a_HAER_MONT,47-BUT,1-80.tif",Public domain,,unknown
brick/brick_032.jpg,brick,"https://commons.wikimedia.org/wiki/File:Chartres,_th%C3%A9%C3%A2tre_municipal_05.jpg",CC BY-SA 3.0,https://creativecommons.org/licenses/by-sa/3.0,Coyau
brick/brick_033.jpg,brick,"https://commons.wikimedia.org/wiki/File:Close_up_of_the_outdoor_clock_and_brick_wall_of_the_tour_company_which_indicates_the_start_time_of_the_next_canal_cruise;_free_photo_Amsterdam_city_by_Fons_Heijnsbroek,_2007.tif",CC0,http://creativecommons.org/publicdomain/zero/1.0/deed.en,Fons Heijnsbroek
brick/brick_034.jpg,brick,https://commons.wikimedia.org/wiki/File:Irvington_Bowman_Apartments_facade_detail_-_Portland_Oregon.jpg,CC BY-SA 3.0,https://creativecommons.org/licenses/by-sa/3.0,Ian Poellet (User:Werewombat)
brick/brick_035.jpg,brick,"https://commons.wikimedia.org/wiki/File:2023_in_Amsterdam_-_view_over_the_street_Amstel_along_the_river_water_with_the_white_facade_of_the_town_hall_building_%26_Music_Theater_in_the_background._Spring!_Free_download_street_photography_by_Fons_Heijnsbroek,_free_photo,_CCO.tif",CC0,http://creativecommons.org/publicdomain/zero/1.0/deed.en,Fons Heijnsbroek
brick/brick_036.jpg,brick,"https://commons.wikimedia.org/wiki/File:M%C3%BCnster,_Roggenmarkt_5_--_2022_--_4245.jpg",CC BY-SA 4.0,https://creativecommons.org/licenses/by-sa/4.0,Dietmar Rabich
brick/brick_037.jpg,brick,"https://commons.wikimedia.org/wiki/File:House_of_the_Blackheads_gable,_sculptures,_Riga,_2024-07-16.jpg",Public domain,,Photograph:  Radomianin
brick/brick_038.jpg,brick,"https://commons.wikimedia.org/wiki/File:Cashmere_Cafe_Building,_Cashmere,_WA.jpg",CC BY 4.0,https://creativecommons.org/licenses/by/4.0,Publichall
brick/brick_039.jpg,brick,https://commons.wikimedia.org/wiki/File:Rada%27a_1987_06.jpg,CC BY-SA 4.0,https://creativecommons.org/licenses/by-sa/4.0,LBM1948
brick/brick_040.jpg,brick,https://commons.wikimedia.org/wiki/File:South_facade_-_Mueller_Electric_Company_Building.jpg,CC BY-SA 2.0,https://creativecommons.org/licenses/by-sa/2.0,Tim Evanson
brick/brick_041.jpg,brick,https://commons.wikimedia.org/wiki/File:North_facade_-_Mueller_Electric_Company_Building.jpg,CC BY-SA 2.0,https://creativecommons.org/licenses/by-sa/2.0,Tim Evanson
brick/brick_042.jpg,brick,"https://commons.wikimedia.org/wiki/File:Wall_Sconce,_State_Office_Building,_Wilson_Street,_Madison,_WI_(52745470565).jpg",CC BY-SA 2.0,https://creativecommons.org/licenses/by-sa/2.0,"Warren LeMay from Covington, KY, United States"
brick/brick_043.jpg,brick,"https://commons.wikimedia.org/wiki/File:Residential_building_with_wall_ornament_and_Chinese_restaurant_downstairs_at_the_street_corner_in_the_Plantage_district,_Amsterdam;_free_photo_by_Fons_Heijnsbroek,_2008of.tif",CC0,http://creativecommons.org/publicdomain/zero/1.0/deed.en,Fons Heijnsbroek
brick/brick_044.png,brick,https://commons.wikimedia.org/wiki/File:Square_tiled_wall_-_square_tiled_wall_rough_8k_(Charlotte_Baglioni_via_Poly_Haven).png,CC0,http://creativecommons.org/publicdomain/zero/1.0/deed.en,Charlotte Baglioni
brick/brick_045.jpg,brick,"https://commons.wikimedia.org/wiki/File:PRIMARY_FACADE_-_432_Seventh_Street,_Northwest_(Commercial_Building),_Washington,_District_of_Columbia,_DC_HABS_DC,WASH,295-1.tif",Public domain,,"Abner, Ed

Schulze, Paul"
brick/brick_046.jpg,brick,https://commons.wikimedia.org/wiki/File:South_and_back_facade_-_Mueller_Electric_Company_Building.jpg,CC BY-SA 2.0,https://creativecommons.org/licenses/by-sa/2.0,Tim Evanson
brick/brick_047.jpg,brick,https://commons.wikimedia.org/wiki/File:North_end_of_main_facade_-_Mueller_Electric_Company_Building.jpg,CC BY-SA 2.0,https://creativecommons.org/licenses/by-sa/2.0,Tim Evanson
brick/brick_048.jpg,brick,https://commons.wikimedia.org/wiki/File:South_side_of_main_facade_-_Mueller_Electric_Company_Building.jpg,CC BY-SA 2.0,https://creativecommons.org/licenses/by-sa/2.0,Tim Evanson
brick/brick_049.jpg,brick,https://commons.wikimedia.org/wiki/File:Sana%27a_1987_51.jpg,CC BY-SA 4.0,https://creativecommons.org/licenses/by-sa/4.0,LBM1948
cladding_panel/cladding_panel_000.jpg,cladding_panel,https://commons.wikimedia.org/wiki/File:Bike_and_cladding_Tr%C3%A6_Sydhavnen_Tr%C3%A6_office_block_Southern_Harbour_Aarhus_Denmark.jpg,CC BY-SA 4.0,https://creativecommons.org/licenses/by-sa/4.0,Ciara Ní Riain
cladding_panel/cladding_panel_001.jpg,cladding_panel,"https://commons.wikimedia.org/wiki/File:Close_view_of_sign_showing_the_lower_portion_of_sign_with_side_cladding_and_chaser_troughs_made_of_galvanized_sheet_metal_in_place_-_Chicago_Theater,_175_North_State_Street,_HABS_ILL,16-CHIG,165-9.tif",Public domain,,unknown
cladding_panel/cladding_panel_002.jpg,cladding_panel,"https://commons.wikimedia.org/wiki/File:Ginn_Publishing_Company_(Platt_Luggage_Company)_Building_Facade,_Martin_Luther_King_Drive,_Near_South_Side,_Chicago,_IL_(52908529055).jpg",CC BY-SA 2.0,https://creativecommons.org/licenses/by-sa/2.0,"Warren LeMay from Chicago, IL, United States"
cladding_panel/cladding_panel_003.jpg,cladding_panel,"https://commons.wikimedia.org/wiki/File:Ginn_Publishing_Company_(Platt_Luggage_Company)_Building_Facade,_Martin_Luther_King_Drive,_Near_South_Side,_Chicago,_IL_(52907567677).jpg",CC BY-SA 2.0,https://creativecommons.org/licenses/by-sa/2.0,"Warren LeMay from Chicago, IL, United States"
cladding_panel/cladding_panel_004.jpg,cladding_panel,"https://commons.wikimedia.org/wiki/File:Ginn_Publishing_Company_(Platt_Luggage_Company)_Building_Facade,_Martin_Luther_King_Drive,_Near_South_Side,_Chicago,_IL_(52907567517).jpg",CC BY-SA 2.0,https://creativecommons.org/licenses/by-sa/2.0,"Warren LeMay from Chicago, IL, United States"
cladding_panel/cladding_panel_005.jpg,cladding_panel,"https://commons.wikimedia.org/wiki/File:Ginn_Publishing_Company_(Platt_Luggage_Company)_Building_Facade,_Martin_Luther_King_Drive,_Near_South_Side,_Chicago,_IL_(52908595313).jpg",CC BY-SA 2.0,https://creativecommons.org/licenses/by-sa/2.0,"Warren LeMay from Chicago, IL, United States"
cladding_panel/cladding_panel_006.jpg,cladding_panel,"https://commons.wikimedia.org/wiki/File:Ginn_Publishing_Company_(Platt_Luggage_Company)_Building_Facade,_Martin_Luther_King_Drive,_Near_South_Side,_Chicago,_IL_(52907567497).jpg",CC BY-SA 2.0,https://creativecommons.org/licenses/by-sa/2.0,"Warren LeMay from Chicago, IL, United States"
cladding_panel/cladding_panel_007.jpg,cladding_panel,"https://commons.wikimedia.org/wiki/File:Ginn_Publishing_Company_(Platt_Luggage_Company)_Building_Facade,_Martin_Luther_King_Drive,_Near_South_Side,_Chicago,_IL_(52908291654).jpg",CC BY-SA 2.0,https://creativecommons.org/licenses/by-sa/2.0,"Warren LeMay from Chicago, IL, United States"
cladding_panel/cladding_panel_008.jpg,cladding_panel,"https://commons.wikimedia.org/wiki/File:Jackson_Building_and_Westall_Building,_Pack_Square_and_Market_Street,_Asheville,_NC_Dec_2023.jpg",CC BY-SA 2.0,https://creativecommons.org/licenses/by-sa/2.0,Warren LeMay
cladding_panel/cladding_panel_009.jpg,cladding_panel,"https://commons.wikimedia.org/wiki/File:Chicago_Board_of_Trade_Building,_LaSalle_Street_and_Jackson_Boulevard,_Chicago,_IL_(52901199896).jpg",CC BY-SA 2.0,https://creativecommons.org/licenses/by-sa/2.0,"Warren LeMay from Covington, KY, United States"
cladding_panel/cladding_panel_010.jpg,cladding_panel,"https://commons.wikimedia.org/wiki/File:Auditorium_Building,_Michigan_Avenue,_Chicago,_IL;_Nov._2023_(54191809825).jpg",CC BY-SA 2.0,https://creativecommons.org/licenses/by-sa/2.0,"Warren LeMay from Chicago, IL, United States"
cladding_panel/cladding_panel_011.jpg,cladding_panel,"https://commons.wikimedia.org/wiki/File:Auditorium_Building,_Michigan_Avenue,_Chicago,_IL;_Nov._2023_(54190470597).jpg",CC BY-SA 2.0,https://creativecommons.org/licenses/by-sa/2.0,"Warren LeMay from Chicago, IL, United States"
cladding_panel/cladding_panel_012.jpg,cladding_panel,"https://commons.wikimedia.org/wiki/File:Auditorium_Building,_Michigan_Avenue,_Chicago,_IL;_Nov._2023_(54191615293).jpg",CC BY-SA 2.0,https://creativecommons.org/licenses/by-sa/2.0,"Warren LeMay from Chicago, IL, United States"
cladding_panel/cladding_panel_013.jpg,cladding_panel,"https://commons.wikimedia.org/wiki/File:Auditorium_Building,_Michigan_Avenue,_Chicago,_IL;_Nov._2023_(54191616818).jpg",CC BY-SA 2.0,https://creativecommons.org/licenses/by-sa/2.0,"Warren LeMay from Chicago, IL, United States"
cladding_panel/cladding_panel_014.jpg,cladding_panel,"https://commons.wikimedia.org/wiki/File:Auditorium_Building,_Michigan_Avenue,_Chicago,_IL;_Nov._2023_(54191638699).jpg",CC BY-SA 2.0,https://creativecommons.org/licenses/by-sa/2.0,"Warren LeMay from Chicago, IL, United States"
cladding_panel/cladding_panel_015.jpg,cladding_panel,"https://commons.wikimedia.org/wiki/File:Auditorium_Building,_Michigan_Avenue,_Chicago,_IL;_Nov._2023_(54191365741).jpg",CC BY-SA 2.0,https://creativecommons.org/licenses/by-sa/2.0,"Warren LeMay from Chicago, IL, United States"
cladding_panel/cladding_panel_016.jpg,cladding_panel,"https://commons.wikimedia.org/wiki/File:Auditorium_Building,_Michigan_Avenue,_Chicago,_IL;_Nov._2023_(54191366686).jpg",CC BY-SA 2.0,https://creativecommons.org/licenses/by-sa/2.0,"Warren LeMay from Chicago, IL, United States"
cladding_panel/cladding_panel_017.jpg,cladding_panel,"https://commons.wikimedia.org/wiki/File:Auditorium_Building,_Michigan_Avenue,_Chicago,_IL;_Nov._2023_(54191639084).jpg",CC BY-SA 2.0,https://creativecommons.org/licenses/by-sa/2.0,"Warren LeMay from Chicago, IL, United States"
cladding_panel/cladding_panel_018.jpg,cladding_panel,"https://commons.wikimedia.org/wiki/File:Auditorium_Building,_Michigan_Avenue,_Chicago,_IL;_Nov._2023_(54191365741_1).jpg",CC BY-SA 2.0,https://creativecommons.org/licenses/by-sa/2.0,"Warren LeMay from Chicago, IL, United States"
cladding_panel/cladding_panel_019.jpg,cladding_panel,"https://commons.wikimedia.org/wiki/File:Auditorium_Building,_Michigan_Avenue,_Chicago,_IL;_Nov._2023_(54191638699_1).jpg",CC BY-SA 2.0,https://creativecommons.org/licenses/by-sa/2.0,"Warren LeMay from Chicago, IL, United States"
cladding_panel/cladding_panel_020.jpg,cladding_panel,"https://commons.wikimedia.org/wiki/File:Auditorium_Building,_Michigan_Avenue,_Chicago,_IL;_Nov._2023_(54191639084)_(1).jpg",CC BY-SA 2.0,https://creativecommons.org/licenses/by-sa/2.0,"Warren LeMay from Chicago, IL, United States"
cladding_panel/cladding_panel_021.jpg,cladding_panel,"https://commons.wikimedia.org/wiki/File:Auditorium_Building,_Michigan_Avenue,_Chicago,_IL;_Nov._2023_(54191365741_2).jpg",CC BY-SA 2.0,https://creativecommons.org/licenses/by-sa/2.0,"Warren LeMay from Chicago, IL, United States"
cladding_panel/cladding_panel_022.jpg,cladding_panel,"https://commons.wikimedia.org/wiki/File:Auditorium_Building,_Michigan_Avenue,_Chicago,_IL;_Nov._2023_(54190471012).jpg",CC BY-SA 2.0,https://creativecommons.org/licenses/by-sa/2.0,"Warren LeMay from Chicago, IL, United States"
cladding_panel/cladding_panel_023.jpg,cladding_panel,"https://commons.wikimedia.org/wiki/File:Auditorium_Building,_Michigan_Avenue,_Chicago,_IL;_Nov._2023_(54190471012)_(1).jpg",CC BY-SA 2.0,https://creativecommons.org/licenses/by-sa/2.0,"Warren LeMay from Chicago, IL, United States"
cladding_panel/cladding_panel_024.jpg,cladding_panel,"https://commons.wikimedia.org/wiki/File:Auditorium_Building,_Michigan_Avenue,_Chicago,_IL;_Nov._2023_(54191366606).jpg",CC BY-SA 2.0,https://creativecommons.org/licenses/by-sa/2.0,"Warren LeMay from Chicago, IL, United States"
cladding_panel/cladding_panel_025.jpg,cladding_panel,"https://commons.wikimedia.org/wiki/File:Auditorium_Building,_Michigan_Avenue,_Chicago,_IL;_Nov._2023_(54191365801).jpg",CC BY-SA 2.0,https://creativecommons.org/licenses/by-sa/2.0,"Warren LeMay from Chicago, IL, United States"
cladding_panel/cladding_panel_026.jpg,cladding_panel,"https://commons.wikimedia.org/wiki/File:Auditorium_Building,_Michigan_Avenue,_Chicago,_IL;_Nov._2023_(54191616473).jpg",CC BY-SA 2.0,https://creativecommons.org/licenses/by-sa/2.0,"Warren LeMay from Chicago, IL, United States"
cladding_panel/cladding_panel_027.jpg,cladding_panel,"https://commons.wikimedia.org/wiki/File:Auditorium_Building,_Michigan_Avenue,_Chicago,_IL;_November_2023_(;_November_2023_(54190470597)_(1).jpg",CC BY-SA 2.0,https://creativecommons.org/licenses/by-sa/2.0,"Warren LeMay from Chicago, IL, United States"
cladding_panel/cladding_panel_028.jpg,cladding_panel,"https://commons.wikimedia.org/wiki/File:Auditorium_Building,_Michigan_Avenue,_Chicago,_IL;_Nov._2023_(54191639349).jpg",CC BY-SA 2.0,https://creativecommons.org/licenses/by-sa/2.0,"Warren LeMay from Chicago, IL, United States"
cladding_panel/cladding_panel_029.jpg,cladding_panel,"https://commons.wikimedia.org/wiki/File:Guardian_Building,_Griswold_Street,_Detroit,_MI.jpg",CC BY-SA 2.0,https://creativecommons.org/licenses/by-sa/2.0,w_lemay
cladding_panel/cladding_panel_030.jpg,cladding_panel,https://commons.wikimedia.org/wiki/File:Guardian_Building_IMG_3353.jpg,CC BY-SA 2.0,https://creativecommons.org/licenses/by-sa/2.0,w_lemay
cladding_panel/cladding_panel_031.jpg,cladding_panel,"https://commons.wikimedia.org/wiki/File:Syracuse_Savings_Bank_Building_and_Gridley_Building_(Onondaga_County_Savings_Bank_Building),_Salina_Street_and_Erie_Boulevard,_Syracuse,_NY_(54417611241).jpg",CC BY-SA 2.0,https://creativecommons.org/licenses/by-sa/2.0,"Warren LeMay from Chicago, IL, United States"
cladding_panel/cladding_panel_032.jpg,cladding_panel,https://commons.wikimedia.org/wiki/File:Guardian_Building_IMG_3354.jpg,CC BY-SA 2.0,https://creativecommons.org/licenses/by-sa/2.0,w_lemay
cladding_panel/cladding_panel_033.jpg,cladding_panel,"https://commons.wikimedia.org/wiki/File:Syracuse_Savings_Bank_Building_and_Gridley_Building_(Onondaga_County_Savings_Bank_Building),_Salina_Street_and_Erie_Boulevard,_Syracuse,_NY_(54417999370).jpg",CC BY-SA 2.0,https://creativecommons.org/licenses/by-sa/2.0,"Warren LeMay from Chicago, IL, United States"
cladding_panel/cladding_panel_034.jpg,cladding_panel,"https://commons.wikimedia.org/wiki/File:Syracuse_Savings_Bank_Building_and_Gridley_Building_(Onondaga_County_Savings_Bank_Building),_Salina_Street_and_Erie_Boulevard,_Syracuse,_NY_(54417805864).jpg",CC BY-SA 2.0,https://creativecommons.org/licenses/by-sa/2.0,"Warren LeMay from Chicago, IL, United States"
cladding_panel/cladding_panel_035.jpg,cladding_panel,"https://commons.wikimedia.org/wiki/File:Syracuse_Savings_Bank_Building_and_Gridley_Building_(Onondaga_County_Savings_Bank_Building),_Salina_Street_and_Erie_Boulevard,_Syracuse,_NY_(54417860188).jpg",CC BY-SA 2.0,https://creativecommons.org/licenses/by-sa/2.0,"Warren LeMay from Chicago, IL, United States"
cladding_panel/cladding_panel_036.jpg,cladding_panel,"https://commons.wikimedia.org/wiki/File:Syracuse_Savings_Bank_Building_and_Gridley_Building_(Onondaga_County_Savings_Bank_Building),_Salina_Street_and_Erie_Boulevard,_Syracuse,_NY_(54416739767).jpg",CC BY-SA 2.0,https://creativecommons.org/licenses/by-sa/2.0,"Warren LeMay from Chicago, IL, United States"
cladding_panel/cladding_panel_037.jpg,cladding_panel,"https://commons.wikimedia.org/wiki/File:Atlas_Life_Building,_Boston_Avenue,_Tulsa,_OK_-_53705744165.jpg",CC BY-SA 2.0,https://creativecommons.org/licenses/by-sa/2.0,w_lemay
cladding_panel/cladding_panel_038.jpg,cladding_panel,"https://commons.wikimedia.org/wiki/File:Atlas_Life_Building,_Boston_Avenue,_Tulsa,_OK_-_53705641174.jpg",CC BY-SA 2.0,https://creativecommons.org/licenses/by-sa/2.0,w_lemay
cladding_panel/cladding_panel_039.jpg,cladding_panel,"https://commons.wikimedia.org/wiki/File:Atlas_Life_Building,_Boston_Avenue,_Tulsa,_OK_-_53705641894.jpg",CC BY-SA 2.0,https://creativecommons.org/licenses/by-sa/2.0,w_lemay
cladding_panel/cladding_panel_040.jpg,cladding_panel,"https://commons.wikimedia.org/wiki/File:Guardian_Building,_Griswold_Street,_Detroit,_MI_-_53027462650.jpg",CC BY-SA 2.0,https://creativecommons.org/licenses/by-sa/2.0,w_lemay
cladding_panel/cladding_panel_041.jpg,cladding_panel,"https://commons.wikimedia.org/wiki/File:Guardian_Building,_Griswold_Street,_Detroit,_MI_-_53027463500.jpg",CC BY-SA 2.0,https://creativecommons.org/licenses/by-sa/2.0,w_lemay
cladding_panel/cladding_panel_042.jpg,cladding_panel,"https://commons.wikimedia.org/wiki/File:Guardian_Building,_Griswold_Street,_Detroit,_MI_-_53027463375.jpg",CC BY-SA 2.0,https://creativecommons.org/licenses/by-sa/2.0,w_lemay
cladding_panel/cladding_panel_043.jpg,cladding_panel,"https://commons.wikimedia.org/wiki/File:Guardian_Building,_Griswold_Street,_Detroit,_MI_-_53027463525.jpg",CC BY-SA 2.0,https://creativecommons.org/licenses/by-sa/2.0,w_lemay
cladding_panel/cladding_panel_044.jpg,cladding_panel,"https://commons.wikimedia.org/wiki/File:Rear_Facade,_Schurz_High_School,_Milwaukee_Avenue_and_Addison_Street,_Irving_Park,_Chicago,_IL.jpg",CC BY-SA 2.0,https://creativecommons.org/licenses/by-sa/2.0,w_lemay
cladding_panel/cladding_panel_045.jpg,cladding_panel,"https://commons.wikimedia.org/wiki/File:Facade_Detail,_Schurz_High_School,_Milwaukee_Avenue_and_Addison_Street,_Irving_Park,_Chicago,_IL.jpg",CC BY-SA 2.0,https://creativecommons.org/licenses/by-sa/2.0,w_lemay
cladding_panel/cladding_panel_046.jpg,cladding_panel,"https://commons.wikimedia.org/wiki/File:Peatfield_Building_(Syracuse_Trust_Company_Building),_Salina_Street,_Syracuse,_NY_(54418002865).jpg",CC BY-SA 2.0,https://creativecommons.org/licenses/by-sa/2.0,"Warren LeMay from Chicago, IL, United States"
cladding_panel/cladding_panel_047.jpg,cladding_panel,"https://commons.wikimedia.org/wiki/File:Peatfield_Building_(Syracuse_Trust_Company_Building),_Salina_Street,_Syracuse,_NY_(54418003200).jpg",CC BY-SA 2.0,https://creativecommons.org/licenses/by-sa/2.0,"Warren LeMay from Chicago, IL, United States"
cladding_panel/cladding_panel_048.jpg,cladding_panel,"https://commons.wikimedia.org/wiki/File:Facade_Detail,_Schurz_High_School,_Milwaukee_Avenue_and_Addison_Street,_Irving_Park,_Chicago,_IL_-_54521630656.jpg",CC BY-SA 2.0,https://creativecommons.org/licenses/by-sa/2.0,w_lemay
cladding_panel/cladding_panel_049.jpg,cladding_panel,"https://commons.wikimedia.org/wiki/File:Facade_Detail,_Schurz_High_School,_Milwaukee_Avenue_and_Addison_Street,_Irving_Park,_Chicago,_IL_-_54520763317.jpg",CC BY-SA 2.0,https://creativecommons.org/licenses/by-sa/2.0,w_lemay
stone_cladding/stone_cladding_000.jpg,stone_cladding,"https://commons.wikimedia.org/wiki/File:Crazy_stone_cladding_,E9.jpg",CC BY-SA 2.0,https://creativecommons.org/licenses/by-sa/2.0,sludgegulper
stone_cladding/stone_cladding_001.jpg,stone_cladding,https://commons.wikimedia.org/wiki/File:2014_Moscow_visiting_Lenin_Mausoleum.JPG,CC BY-SA 4.0,https://creativecommons.org/licenses/by-sa/4.0,Moscowjob.net
stone_cladding/stone_cladding_002.jpg,stone_cladding,https://commons.wikimedia.org/wiki/File:Stone_Cladding_-_18714720670.jpg,CC BY-SA 2.0,https://creativecommons.org/licenses/by-sa/2.0,sludgegulper
stone_cladding/stone_cladding_003.jpg,stone_cladding,https://commons.wikimedia.org/wiki/File:E10_stone_cladding_-_8149128784.jpg,CC BY-SA 2.0,https://creativecommons.org/licenses/by-sa/2.0,sludgegulper
stone_cladding/stone_cladding_004.jpg,stone_cladding,"https://commons.wikimedia.org/wiki/File:Stone_cladding,_Dagenham.jpg",CC BY-SA 2.0,https://creativecommons.org/licenses/by-sa/2.0,Sludge G
stone_cladding/stone_cladding_005.jpg,stone_cladding,https://commons.wikimedia.org/wiki/File:Stone_cladding_E17.jpg,CC BY-SA 2.0,https://creativecommons.org/licenses/by-sa/2.0,sludgegulper
stone_cladding/stone_cladding_006.jpg,stone_cladding,https://commons.wikimedia.org/wiki/File:N8_stone_cladding.jpg,CC BY-SA 2.0,https://creativecommons.org/licenses/by-sa/2.0,sludgegulper
stone_cladding/stone_cladding_007.jpg,stone_cladding,https://commons.wikimedia.org/wiki/File:Stone_Cladding_Bexleyheath.jpg,CC BY-SA 2.0,https://creativecommons.org/licenses/by-sa/2.0,sludgegulper
stone_cladding/stone_cladding_008.jpg,stone_cladding,"https://commons.wikimedia.org/wiki/File:Stone_Cladding,_N16_style.jpg",CC BY-SA 2.0,https://creativecommons.org/licenses/by-sa/2.0,sludgegulper
stone_cladding/stone_cladding_009.jpg,stone_cladding,"https://commons.wikimedia.org/wiki/File:Stone_Cladding,_Bedford.jpg",CC BY-SA 2.0,https://creativecommons.org/licenses/by-sa/2.0,sludgegulper
stone_cladding/stone_cladding_010.jpg,stone_cladding,https://commons.wikimedia.org/wiki/File:Stone_Cladding_E12.jpg,CC BY-SA 2.0,https://creativecommons.org/licenses/by-sa/2.0,sludgegulper
stone_cladding/stone_cladding_011.jpg,stone_cladding,"https://commons.wikimedia.org/wiki/File:Stone_cladding,_Kempton,_Bedford.jpg",CC BY-SA 2.0,https://creativecommons.org/licenses/by-sa/2.0,sludgegulper
stone_cladding/stone_cladding_012.jpg,stone_cladding,https://commons.wikimedia.org/wiki/File:Stokie_Stone_cladding_N16.jpg,CC BY-SA 2.0,https://creativecommons.org/licenses/by-sa/2.0,sludgegulper
stone_cladding/stone_cladding_013.jpg,stone_cladding,https://commons.wikimedia.org/wiki/File:E5_stone_cladding_-_3891649526.jpg,CC BY-SA 2.0,https://creativecommons.org/licenses/by-sa/2.0,sludgegulper
stone_cladding/stone_cladding_014.jpg,stone_cladding,"https://commons.wikimedia.org/wiki/File:Stone_Cladding,_E17.jpg",CC BY-SA 2.0,https://creativecommons.org/licenses/by-sa/2.0,sludgegulper
stone_cladding/stone_cladding_015.jpg,stone_cladding,https://commons.wikimedia.org/wiki/File:E17_Stone_cladding_-_16211226704.jpg,CC BY-SA 2.0,https://creativecommons.org/licenses/by-sa/2.0,sludgegulper
stone_cladding/stone_cladding_016.jpg,stone_cladding,https://commons.wikimedia.org/wiki/File:Upminster_stone_cladding_-_16558533943.jpg,CC BY-SA 2.0,https://creativecommons.org/licenses/by-sa/2.0,sludgegulper
stone_cladding/stone_cladding_017.jpg,stone_cladding,https://commons.wikimedia.org/wiki/File:E5_stone_cladding_-_8377795383.jpg,CC BY-SA 2.0,https://creativecommons.org/licenses/by-sa/2.0,sludgegulper
stone_cladding/stone_cladding_018.jpg,stone_cladding,https://commons.wikimedia.org/wiki/File:Stone_cladding_E17_-_16545143820.jpg,CC BY-SA 2.0,https://creativecommons.org/licenses/by-sa/2.0,sludgegulper
stone_cladding/stone_cladding_019.jpg,stone_cladding,https://commons.wikimedia.org/wiki/File:Stone_Cladding_E12_-_5550960730.jpg,CC BY-SA 2.0,https://creativecommons.org/licenses/by-sa/2.0,sludgegulper
stone_cladding/stone_cladding_020.jpg,stone_cladding,https://commons.wikimedia.org/wiki/File:E11_stone_cladding_-_4172555410.jpg,CC BY-SA 2.0,https://creativecommons.org/licenses/by-sa/2.0,sludgegulper
stone_cladding/stone_cladding_021.jpg,stone_cladding,https://commons.wikimedia.org/wiki/File:E11_Stone_cladding_Leytonstone.jpg,CC BY-SA 2.0,https://creativecommons.org/licenses/by-sa/2.0,sludgegulper
stone_cladding/stone_cladding_022.jpg,stone_cladding,"https://commons.wikimedia.org/wiki/File:Pale_stone_cladding,_E10.jpg",CC BY-SA 2.0,https://creativecommons.org/licenses/by-sa/2.0,sludgegulper
stone_cladding/stone_cladding_023.jpg,stone_cladding,https://commons.wikimedia.org/wiki/File:E11_stone_cladding_-_4171801299.jpg,CC BY-SA 2.0,https://creativecommons.org/licenses/by-sa/2.0,sludgegulper
stone_cladding/stone_cladding_024.jpg,stone_cladding,https://commons.wikimedia.org/wiki/File:E17_stone_cladding_-_5232009121.jpg,CC BY-SA 2.0,https://creativecommons.org/licenses/by-sa/2.0,sludgegulper
stone_cladding/stone_cladding_025.jpg,stone_cladding,"https://commons.wikimedia.org/wiki/File:Stone_cladding,_Plaistow,_E13.jpg",CC BY-SA 2.0,https://creativecommons.org/licenses/by-sa/2.0,sludgegulper
stone_cladding/stone_cladding_026.jpg,stone_cladding,"https://commons.wikimedia.org/wiki/File:Stone_Cladding_with_vegetation,_N15.jpg",CC BY-SA 2.0,https://creativecommons.org/licenses/by-sa/2.0,sludgegulper
stone_cladding/stone_cladding_027.jpg,stone_cladding,https://commons.wikimedia.org/wiki/File:Stone_cladding_leytonstone_e11.jpg,CC BY-SA 2.0,https://creativecommons.org/licenses/by-sa/2.0,sludgegulper
stone_cladding/stone_cladding_028.jpg,stone_cladding,https://commons.wikimedia.org/wiki/File:Stone_Cladding_Bexleyheath_-_37953282881.jpg,CC BY-SA 2.0,https://creativecommons.org/licenses/by-sa/2.0,sludgegulper
stone_cladding/stone_cladding_029.jpg,stone_cladding,"https://commons.wikimedia.org/wiki/File:E17_Stone_cladding,_Walthamstow.jpg",CC BY-SA 2.0,https://creativecommons.org/licenses/by-sa/2.0,sludgegulper
stone_cladding/stone_cladding_030.jpg,stone_cladding,"https://commons.wikimedia.org/wiki/File:Stone_Cladding,_Plaistow,_E13.jpg",CC BY-SA 2.0,https://creativecommons.org/licenses/by-sa/2.0,sludgegulper
stone_cladding/stone_cladding_031.jpg,stone_cladding,https://commons.wikimedia.org/wiki/File:E5_stone_cladding_update.jpg,CC BY-SA 2.0,https://creativecommons.org/licenses/by-sa/2.0,sludgegulper
stone_cladding/stone_cladding_032.jpg,stone_cladding,https://commons.wikimedia.org/wiki/File:Havering_stone_cladding_-_22189262722.jpg,CC BY-SA 2.0,https://creativecommons.org/licenses/by-sa/2.0,sludgegulper
stone_cladding/stone_cladding_033.jpg,stone_cladding,https://commons.wikimedia.org/wiki/File:E17_Stone_cladding_June_2009.jpg,CC BY-SA 2.0,https://creativecommons.org/licenses/by-sa/2.0,sludgegulper
stone_cladding/stone_cladding_034.jpg,stone_cladding,"https://commons.wikimedia.org/wiki/File:Shy_stone_cladding,_E17.jpg",CC BY-SA 2.0,https://creativecommons.org/licenses/by-sa/2.0,sludgegulper
stone_cladding/stone_cladding_035.jpg,stone_cladding,"https://commons.wikimedia.org/wiki/File:Early_Morning_Stone_Cladding,_E5.jpg",CC BY-SA 2.0,https://creativecommons.org/licenses/by-sa/2.0,sludgegulper
stone_cladding/stone_cladding_036.jpg,stone_cladding,https://commons.wikimedia.org/wiki/File:Stone_Cladding._E12._Little_Ilford.jpg,CC BY-SA 2.0,https://creativecommons.org/licenses/by-sa/2.0,sludgegulper
stone_cladding/stone_cladding_037.jpg,stone_cladding,"https://commons.wikimedia.org/wiki/File:Uniform_Stone_Cladding,_E17.jpg",CC BY-SA 2.0,https://creativecommons.org/licenses/by-sa/2.0,sludgegulper
stone_cladding/stone_cladding_038.jpg,stone_cladding,https://commons.wikimedia.org/wiki/File:Partial_Stone_cladding._E17.jpg,CC BY-SA 2.0,https://creativecommons.org/licenses/by-sa/2.0,sludgegulper
stone_cladding/stone_cladding_039.jpg,stone_cladding,https://commons.wikimedia.org/wiki/File:Stone_Cladding_Forest_Gate_E7.jpg,CC BY-SA 2.0,https://creativecommons.org/licenses/by-sa/2.0,sludgegulper
stone_cladding/stone_cladding_040.jpg,stone_cladding,"https://commons.wikimedia.org/wiki/File:Walthamstow_stone_cladding,_E17.jpg",CC BY-SA 2.0,https://creativecommons.org/licenses/by-sa/2.0,sludgegulper
stone_cladding/stone_cladding_041.jpg,stone_cladding,https://commons.wikimedia.org/wiki/File:E10_stone_cladding_-_8149098021.jpg,CC BY-SA 2.0,https://creativecommons.org/licenses/by-sa/2.0,sludgegulper
stone_cladding/stone_cladding_042.jpg,stone_cladding,"https://commons.wikimedia.org/wiki/File:Stone_cladding_Maryland,_Stratford_E15.jpg",CC BY-SA 2.0,https://creativecommons.org/licenses/by-sa/2.0,sludgegulper
stone_cladding/stone_cladding_043.jpg,stone_cladding,https://commons.wikimedia.org/wiki/File:E15_stone_cladding_(some_missing).jpg,CC BY-SA 2.0,https://creativecommons.org/licenses/by-sa/2.0,sludgegulper
stone_cladding/stone_cladding_044.jpg,stone_cladding,https://commons.wikimedia.org/wiki/File:E11_stone_cladding_-_4172555946.jpg,CC BY-SA 2.0,https://creativecommons.org/licenses/by-sa/2.0,sludgegulper
stone_cladding/stone_cladding_045.jpg,stone_cladding,"https://commons.wikimedia.org/wiki/File:Rear_stone_cladding,_N15.jpg",CC BY-SA 2.0,https://creativecommons.org/licenses/by-sa/2.0,sludgegulper
stone_cladding/stone_cladding_046.jpg,stone_cladding,https://commons.wikimedia.org/wiki/File:Forest_Gate_Stone_Cladding_E7.jpg,CC BY-SA 2.0,https://creativecommons.org/licenses/by-sa/2.0,sludgegulper
stone_cladding/stone_cladding_047.jpg,stone_cladding,https://commons.wikimedia.org/wiki/File:E17_Stone_Cladding_with_triptych_window.jpg,CC BY-SA 2.0,https://creativecommons.org/licenses/by-sa/2.0,sludgegulper
stone_cladding/stone_cladding_048.jpg,stone_cladding,https://commons.wikimedia.org/wiki/File:Walthamstow_Stone_Cladding_in_red_and_white.jpg,CC BY-SA 2.0,https://creativecommons.org/licenses/by-sa/2.0,sludgegulper
stone_cladding/stone_cladding_049.jpg,stone_cladding,https://commons.wikimedia.org/wiki/File:E17_stone_cladding_with_removal_of_bay.jpg,CC BY-SA 2.0,https://creativecommons.org/licenses/by-sa/2.0,sludgegulper
